id,year,council,ward,seats,candidates,table,election
aberdeen_2022_ward1,2022,Aberdeen,Dyce-Bucksburn-Danestone Ward,4,8,data/scottish_vote_tables/8_cands/aberdeen_2022_ward1_votes_table.csv,data/scot-elex/08_cands/aberdeen_2022_ward1.csv
aberdeen_2022_ward2,2022,Aberdeen,Bridge of Don Ward,4,8,data/scottish_vote_tables/8_cands/aberdeen_2022_ward2_votes_table.csv,data/scot-elex/08_cands/aberdeen_2022_ward2.csv
aberdeen_2022_ward3,2022,Aberdeen,Kingswells-Sheddocksley-Summerhill Ward,3,7,data/scottish_vote_tables/7_cands/aberdeen_2022_ward3_votes_table.csv,data/scot-elex/07_cands/aberdeen_2022_ward3.csv
aberdeen_2022_ward4,2022,Aberdeen,Northfield-Mastrick North Ward,3,9,data/scottish_vote_tables/9_cands/aberdeen_2022_ward4_votes_table.csv,data/scot-elex/09_cands/aberdeen_2022_ward4.csv
aberdeen_2022_ward5,2022,Aberdeen,Hilton-Woodside-Stockethill Ward,3,7,data/scottish_vote_tables/7_cands/aberdeen_2022_ward5_votes_table.csv,data/scot-elex/07_cands/aberdeen_2022_ward5.csv
aberdeen_2022_ward6,2022,Aberdeen,Tillydrone-Seaton-Old Aberdeen Ward,3,10,data/scottish_vote_tables/10_cands/aberdeen_2022_ward6_votes_table.csv,data/scot-elex/10_cands/aberdeen_2022_ward6.csv
aberdeen_2022_ward7,2022,Aberdeen,Midstocket-Rosemount Ward,3,6,data/scottish_vote_tables/6_cands/aberdeen_2022_ward7_votes_table.csv,data/scot-elex/06_cands/aberdeen_2022_ward7.csv
aberdeen_2022_ward8,2022,Aberdeen,George St-Harbour Ward,4,7,data/scottish_vote_tables/7_cands/aberdeen_2022_ward8_votes_table.csv,data/scot-elex/07_cands/aberdeen_2022_ward8.csv
aberdeen_2022_ward9,2022,Aberdeen,Lower Deeside Ward,3,7,data/scottish_vote_tables/7_cands/aberdeen_2022_ward9_votes_table.csv,data/scot-elex/07_cands/aberdeen_2022_ward9.csv
aberdeen_2022_ward10,2022,Aberdeen,Hazlehead-Queens Cross-Countesswells Ward,4,7,data/scottish_vote_tables/7_cands/aberdeen_2022_ward10_votes_table.csv,data/scot-elex/07_cands/aberdeen_2022_ward10.csv
aberdeen_2022_ward11,2022,Aberdeen,Airyhall-Broomhill-Garthdee Ward,3,5,data/scottish_vote_tables/5_cands/aberdeen_2022_ward11_votes_table.csv,data/scot-elex/05_cands/aberdeen_2022_ward11.csv
aberdeen_2022_ward12,2022,Aberdeen,Torry-Ferryhill Ward,4,10,data/scottish_vote_tables/10_cands/aberdeen_2022_ward12_votes_table.csv,data/scot-elex/10_cands/aberdeen_2022_ward12.csv
aberdeen_2022_ward13,2022,Aberdeen,Kincorth-Nigg-Cove Ward,4,8,data/scottish_vote_tables/8_cands/aberdeen_2022_ward13_votes_table.csv,data/scot-elex/08_cands/aberdeen_2022_ward13.csv
aberdeenshire_2022_ward1,2022,Aberdeenshire,Wa rd 1 - B an ff a nd District,3,8,data/scottish_vote_tables/8_cands/aberdeenshire_2022_ward1_votes_table.csv,data/scot-elex/08_cands/aberdeenshire_2022_ward1.csv
aberdeenshire_2022_ward2,2022,Aberdeenshire,Ward 2 - Troup,3,5,data/scottish_vote_tables/5_cands/aberdeenshire_2022_ward2_votes_table.csv,data/scot-elex/05_cands/aberdeenshire_2022_ward2.csv
aberdeenshire_2022_ward3,2022,Aberdeenshire,Ward 3 - Fraserburgh and District,4,7,data/scottish_vote_tables/7_cands/aberdeenshire_2022_ward3_votes_table.csv,data/scot-elex/07_cands/aberdeenshire_2022_ward3.csv
aberdeenshire_2022_ward4,2022,Aberdeenshire,Ward 4 - Central Buchan,4,10,data/scottish_vote_tables/10_cands/aberdeenshire_2022_ward4_votes_table.csv,data/scot-elex/10_cands/aberdeenshire_2022_ward4.csv
aberdeenshire_2022_ward5,2022,Aberdeenshire,Ward 5 - Peterhead North and Rattray,4,8,data/scottish_vote_tables/8_cands/aberdeenshire_2022_ward5_votes_table.csv,data/scot-elex/08_cands/aberdeenshire_2022_ward5.csv
aberdeenshire_2022_ward6,2022,Aberdeenshire,Ward 6 - Peterhead South and Cruden,3,4,data/scottish_vote_tables/4_cands/aberdeenshire_2022_ward6_votes_table.csv,data/scot-elex/04_cands/aberdeenshire_2022_ward6.csv
aberdeenshire_2022_ward7,2022,Aberdeenshire,Ward 7 - Turriff and District,4,6,data/scottish_vote_tables/6_cands/aberdeenshire_2022_ward7_votes_table.csv,data/scot-elex/06_cands/aberdeenshire_2022_ward7.csv
aberdeenshire_2022_ward8,2022,Aberdeenshire,Ward 8 - Mid Formartine,4,6,data/scottish_vote_tables/6_cands/aberdeenshire_2022_ward8_votes_table.csv,data/scot-elex/06_cands/aberdeenshire_2022_ward8.csv
aberdeenshire_2022_ward9,2022,Aberdeenshire,Ward 9 - Ellon and District,4,7,data/scottish_vote_tables/7_cands/aberdeenshire_2022_ward9_votes_table.csv,data/scot-elex/07_cands/aberdeenshire_2022_ward9.csv
aberdeenshire_2022_ward10,2022,Aberdeenshire,Ward 10 - West Garioch,3,8,data/scottish_vote_tables/8_cands/aberdeenshire_2022_ward10_votes_table.csv,data/scot-elex/08_cands/aberdeenshire_2022_ward10.csv
aberdeenshire_2022_ward11,2022,Aberdeenshire,Ward 11 - Inverurie and District,4,6,data/scottish_vote_tables/6_cands/aberdeenshire_2022_ward11_votes_table.csv,data/scot-elex/06_cands/aberdeenshire_2022_ward11.csv
aberdeenshire_2022_ward12,2022,Aberdeenshire,Ward 12 - East Garioch,4,6,data/scottish_vote_tables/6_cands/aberdeenshire_2022_ward12_votes_table.csv,data/scot-elex/06_cands/aberdeenshire_2022_ward12.csv
aberdeenshire_2022_ward13,2022,Aberdeenshire,Ward 13 - Westhill and District,4,7,data/scottish_vote_tables/7_cands/aberdeenshire_2022_ward13_votes_table.csv,data/scot-elex/07_cands/aberdeenshire_2022_ward13.csv
aberdeenshire_2022_ward14,2022,Aberdeenshire,Ward 14 - Huntly Strathbogie and Howe of Alford,4,7,data/scottish_vote_tables/7_cands/aberdeenshire_2022_ward14_votes_table.csv,data/scot-elex/07_cands/aberdeenshire_2022_ward14.csv
aberdeenshire_2022_ward15,2022,Aberdeenshire,Ward 15 - Aboyne Upper Deeside and Donside,3,6,data/scottish_vote_tables/6_cands/aberdeenshire_2022_ward15_votes_table.csv,data/scot-elex/06_cands/aberdeenshire_2022_ward15.csv
aberdeenshire_2022_ward16,2022,Aberdeenshire,Ward 16 - Banchory and Mid Deeside,3,6,data/scottish_vote_tables/6_cands/aberdeenshire_2022_ward16_votes_table.csv,data/scot-elex/06_cands/aberdeenshire_2022_ward16.csv
aberdeenshire_2022_ward17,2022,Aberdeenshire,Ward 17 - North Kincardine,4,9,data/scottish_vote_tables/9_cands/aberdeenshire_2022_ward17_votes_table.csv,data/scot-elex/09_cands/aberdeenshire_2022_ward17.csv
aberdeenshire_2022_ward18,2022,Aberdeenshire,Ward 18 - Stonehaven and Lower Deeside,4,8,data/scottish_vote_tables/8_cands/aberdeenshire_2022_ward18_votes_table.csv,data/scot-elex/08_cands/aberdeenshire_2022_ward18.csv
aberdeenshire_2022_ward19,2022,Aberdeenshire,Ward 19 - Mearns,4,11,data/scottish_vote_tables/11_cands/aberdeenshire_2022_ward19_votes_table.csv,data/scot-elex/11_cands/aberdeenshire_2022_ward19.csv
angus_2022_ward1,2022,Angus,Ward 1 - Kirriemuir and Dean,3,7,data/scottish_vote_tables/7_cands/angus_2022_ward1_votes_table.csv,data/scot-elex/07_cands/angus_2022_ward1.csv
angus_2022_ward2,2022,Angus,Ward 2 - Brechin and Edzell,3,5,data/scottish_vote_tables/5_cands/angus_2022_ward2_votes_table.csv,data/scot-elex/05_cands/angus_2022_ward2.csv
angus_2022_ward3,2022,Angus,Ward 3 - Forfar and District,4,8,data/scottish_vote_tables/8_cands/angus_2022_ward3_votes_table.csv,data/scot-elex/08_cands/angus_2022_ward3.csv
angus_2022_ward4,2022,Angus,Ward 4 - Monifieth and Sidlaw,4,8,data/scottish_vote_tables/8_cands/angus_2022_ward4_votes_table.csv,data/scot-elex/08_cands/angus_2022_ward4.csv
angus_2022_ward5,2022,Angus,Ward 5 - Carnoustie and District,3,7,data/scottish_vote_tables/7_cands/angus_2022_ward5_votes_table.csv,data/scot-elex/07_cands/angus_2022_ward5.csv
angus_2022_ward6,2022,Angus,Ward 6 - Arbroath West Letham and Friockheim,4,10,data/scottish_vote_tables/10_cands/angus_2022_ward6_votes_table.csv,data/scot-elex/10_cands/angus_2022_ward6.csv
angus_2022_ward7,2022,Angus,Ward 7 - Arbroath East and Lunan,3,6,data/scottish_vote_tables/6_cands/angus_2022_ward7_votes_table.csv,data/scot-elex/06_cands/angus_2022_ward7.csv
angus_2022_ward8,2022,Angus,Ward 8 - Montrose and District,4,9,data/scottish_vote_tables/9_cands/angus_2022_ward8_votes_table.csv,data/scot-elex/09_cands/angus_2022_ward8.csv
argyll_bute_2022_ward1,2022,Argyll and Bute,Ward 1 - South Kintyre,3,4,data/scottish_vote_tables/4_cands/argyll_bute_2022_ward1_votes_table.csv,data/scot-elex/04_cands/argyll_bute_2022_ward1.csv
argyll_bute_2022_ward2,2022,Argyll and Bute,Ward 2 - Kintyre and the Islands,3,6,data/scottish_vote_tables/6_cands/argyll_bute_2022_ward2_votes_table.csv,data/scot-elex/06_cands/argyll_bute_2022_ward2.csv
argyll_bute_2022_ward3,2022,Argyll and Bute,Ward 3 - Mid-Argyll,3,9,data/scottish_vote_tables/9_cands/argyll_bute_2022_ward3_votes_table.csv,data/scot-elex/09_cands/argyll_bute_2022_ward3.csv
argyll_bute_2022_ward4,2022,Argyll and Bute,Ward 4 - Oban South and the Isles,4,11,data/scottish_vote_tables/11_cands/argyll_bute_2022_ward4_votes_table.csv,data/scot-elex/11_cands/argyll_bute_2022_ward4.csv
argyll_bute_2022_ward5,2022,Argyll and Bute,Ward 5 - Oban North and Lorn,4,8,data/scottish_vote_tables/8_cands/argyll_bute_2022_ward5_votes_table.csv,data/scot-elex/08_cands/argyll_bute_2022_ward5.csv
argyll_bute_2022_ward6,2022,Argyll and Bute,Ward 6 - Cowal,3,7,data/scottish_vote_tables/7_cands/argyll_bute_2022_ward6_votes_table.csv,data/scot-elex/07_cands/argyll_bute_2022_ward6.csv
argyll_bute_2022_ward7,2022,Argyll and Bute,Ward 7 - Dunoon,3,7,data/scottish_vote_tables/7_cands/argyll_bute_2022_ward7_votes_table.csv,data/scot-elex/07_cands/argyll_bute_2022_ward7.csv
argyll_bute_2022_ward8,2022,Argyll and Bute,Ward 8 - Isle of Bute,3,9,data/scottish_vote_tables/9_cands/argyll_bute_2022_ward8_votes_table.csv,data/scot-elex/09_cands/argyll_bute_2022_ward8.csv
argyll_bute_2022_ward9,2022,Argyll and Bute,Ward 9 - Lomond North,3,7,data/scottish_vote_tables/7_cands/argyll_bute_2022_ward9_votes_table.csv,data/scot-elex/07_cands/argyll_bute_2022_ward9.csv
argyll_bute_2022_ward10,2022,Argyll and Bute,Ward 10 - Helensburgh Central,4,7,data/scottish_vote_tables/7_cands/argyll_bute_2022_ward10_votes_table.csv,data/scot-elex/07_cands/argyll_bute_2022_ward10.csv
argyll_bute_2022_ward11,2022,Argyll and Bute,Ward 11 - Helensburgh and Lomond South,3,5,data/scottish_vote_tables/5_cands/argyll_bute_2022_ward11_votes_table.csv,data/scot-elex/05_cands/argyll_bute_2022_ward11.csv
clackmannanshire_2022_ward1,2022,Clackmannanshire,Ward 1 Clackmannanshire West,4,7,data/scottish_vote_tables/7_cands/clackmannanshire_2022_ward1_votes_table.csv,data/scot-elex/07_cands/clackmannanshire_2022_ward1.csv
clackmannanshire_2022_ward2,2022,Clackmannanshire,Ward 2 Clackmannanshire North,4,8,data/scottish_vote_tables/8_cands/clackmannanshire_2022_ward2_votes_table.csv,data/scot-elex/08_cands/clackmannanshire_2022_ward2.csv
clackmannanshire_2022_ward3,2022,Clackmannanshire,Ward 3 Clackmannanshire Central,3,7,data/scottish_vote_tables/7_cands/clackmannanshire_2022_ward3_votes_table.csv,data/scot-elex/07_cands/clackmannanshire_2022_ward3.csv
clackmannanshire_2022_ward4,2022,Clackmannanshire,Ward 4 Clackmannanshire South,4,7,data/scottish_vote_tables/7_cands/clackmannanshire_2022_ward4_votes_table.csv,data/scot-elex/07_cands/clackmannanshire_2022_ward4.csv
clackmannanshire_2022_ward5,2022,Clackmannanshire,Ward 5 Clackmannanshire East,3,7,data/scottish_vote_tables/7_cands/clackmannanshire_2022_ward5_votes_table.csv,data/scot-elex/07_cands/clackmannanshire_2022_ward5.csv
dumgal_2022_ward1,2022,Dumfries and Galloway,Ward 1 - Stranraer and the Rhins,4,7,data/scottish_vote_tables/7_cands/dumgal_2022_ward1_votes_table.csv,data/scot-elex/07_cands/dumgal_2022_ward1.csv
dumgal_2022_ward2,2022,Dumfries and Galloway,Ward 2 - Mid Galloway and Wigtown West,4,5,data/scottish_vote_tables/5_cands/dumgal_2022_ward2_votes_table.csv,data/scot-elex/05_cands/dumgal_2022_ward2.csv
dumgal_2022_ward3,2022,Dumfries and Galloway,Ward 3 - Dee and Glenkens,3,7,data/scottish_vote_tables/7_cands/dumgal_2022_ward3_votes_table.csv,data/scot-elex/07_cands/dumgal_2022_ward3.csv
dumgal_2022_ward4,2022,Dumfries and Galloway,Ward 4 - Castle Douglas and Crocketford,3,8,data/scottish_vote_tables/8_cands/dumgal_2022_ward4_votes_table.csv,data/scot-elex/08_cands/dumgal_2022_ward4.csv
dumgal_2022_ward5,2022,Dumfries and Galloway,Ward 5 - Abbey,3,5,data/scottish_vote_tables/5_cands/dumgal_2022_ward5_votes_table.csv,data/scot-elex/05_cands/dumgal_2022_ward5.csv
dumgal_2022_ward6,2022,Dumfries and Galloway,Ward 6 - North West Dumfries,4,5,data/scottish_vote_tables/5_cands/dumgal_2022_ward6_votes_table.csv,data/scot-elex/05_cands/dumgal_2022_ward6.csv
dumgal_2022_ward7,2022,Dumfries and Galloway,Ward 7 - Mid and Upper Nithsdale,3,5,data/scottish_vote_tables/5_cands/dumgal_2022_ward7_votes_table.csv,data/scot-elex/05_cands/dumgal_2022_ward7.csv
dumgal_2022_ward8,2022,Dumfries and Galloway,Ward 8 - Lochar,4,5,data/scottish_vote_tables/5_cands/dumgal_2022_ward8_votes_table.csv,data/scot-elex/05_cands/dumgal_2022_ward8.csv
dumgal_2022_ward9,2022,Dumfries and Galloway,Ward 9 - Nith,4,7,data/scottish_vote_tables/7_cands/dumgal_2022_ward9_votes_table.csv,data/scot-elex/07_cands/dumgal_2022_ward9.csv
dumgal_2022_ward10,2022,Dumfries and Galloway,Ward 10 - Annandale South,4,6,data/scottish_vote_tables/6_cands/dumgal_2022_ward10_votes_table.csv,data/scot-elex/06_cands/dumgal_2022_ward10.csv
dumgal_2022_ward11,2022,Dumfries and Galloway,Ward 11 - Annandale North,4,7,data/scottish_vote_tables/7_cands/dumgal_2022_ward11_votes_table.csv,data/scot-elex/07_cands/dumgal_2022_ward11.csv
dumgal_2022_ward12,2022,Dumfries and Galloway,Ward 12 - Annandale East and Eskdale,3,7,data/scottish_vote_tables/7_cands/dumgal_2022_ward12_votes_table.csv,data/scot-elex/07_cands/dumgal_2022_ward12.csv
dundee_2022_ward1,2022,Dundee,Ward 1 - Strathmartine,4,9,data/scottish_vote_tables/9_cands/dundee_2022_ward1_votes_table.csv,data/scot-elex/09_cands/dundee_2022_ward1.csv
dundee_2022_ward2,2022,Dundee,Ward 2 - Lochee,4,9,data/scottish_vote_tables/9_cands/dundee_2022_ward2_votes_table.csv,data/scot-elex/09_cands/dundee_2022_ward2.csv
dundee_2022_ward3,2022,Dundee,Ward 3 - West End,4,9,data/scottish_vote_tables/9_cands/dundee_2022_ward3_votes_table.csv,data/scot-elex/09_cands/dundee_2022_ward3.csv
dundee_2022_ward4,2022,Dundee,Ward 4 - Coldside,4,9,data/scottish_vote_tables/9_cands/dundee_2022_ward4_votes_table.csv,data/scot-elex/09_cands/dundee_2022_ward4.csv
dundee_2022_ward5,2022,Dundee,Ward 5 - Maryfield,3,8,data/scottish_vote_tables/8_cands/dundee_2022_ward5_votes_table.csv,data/scot-elex/08_cands/dundee_2022_ward5.csv
dundee_2022_ward6,2022,Dundee,Ward 6 - North East,3,7,data/scottish_vote_tables/7_cands/dundee_2022_ward6_votes_table.csv,data/scot-elex/07_cands/dundee_2022_ward6.csv
dundee_2022_ward7,2022,Dundee,Ward 7 - East End,3,7,data/scottish_vote_tables/7_cands/dundee_2022_ward7_votes_table.csv,data/scot-elex/07_cands/dundee_2022_ward7.csv
dundee_2022_ward8,2022,Dundee,Ward 8 - The Ferry,4,9,data/scottish_vote_tables/9_cands/dundee_2022_ward8_votes_table.csv,data/scot-elex/09_cands/dundee_2022_ward8.csv
east_ayrshire_2022_ward1,2022,East Ayrshire,Ward 1 - Annick,4,6,data/scottish_vote_tables/6_cands/east_ayrshire_2022_ward1_votes_table.csv,data/scot-elex/06_cands/east_ayrshire_2022_ward1.csv
east_ayrshire_2022_ward2,2022,East Ayrshire,Ward 2 - Kilmarnock North,3,6,data/scottish_vote_tables/6_cands/east_ayrshire_2022_ward2_votes_table.csv,data/scot-elex/06_cands/east_ayrshire_2022_ward2.csv
east_ayrshire_2022_ward3,2022,East Ayrshire,Ward 3 - Kilmarnock West and Crosshouse,4,7,data/scottish_vote_tables/7_cands/east_ayrshire_2022_ward3_votes_table.csv,data/scot-elex/07_cands/east_ayrshire_2022_ward3.csv
east_ayrshire_2022_ward4,2022,East Ayrshire,Ward 4 - Kilmarnock East and Hurlford,4,6,data/scottish_vote_tables/6_cands/east_ayrshire_2022_ward4_votes_table.csv,data/scot-elex/06_cands/east_ayrshire_2022_ward4.csv
east_ayrshire_2022_ward5,2022,East Ayrshire,Ward 5 - Kilmarnock South,3,6,data/scottish_vote_tables/6_cands/east_ayrshire_2022_ward5_votes_table.csv,data/scot-elex/06_cands/east_ayrshire_2022_ward5.csv
east_ayrshire_2022_ward6,2022,East Ayrshire,Ward 6 - Irvine Valley,3,5,data/scottish_vote_tables/5_cands/east_ayrshire_2022_ward6_votes_table.csv,data/scot-elex/05_cands/east_ayrshire_2022_ward6.csv
east_ayrshire_2022_ward7,2022,East Ayrshire,Ward 7 - Ballochmyle,4,6,data/scottish_vote_tables/6_cands/east_ayrshire_2022_ward7_votes_table.csv,data/scot-elex/06_cands/east_ayrshire_2022_ward7.csv
east_ayrshire_2022_ward8,2022,East Ayrshire,Ward 8 - Cumnock and New Cumnock,4,6,data/scottish_vote_tables/6_cands/east_ayrshire_2022_ward8_votes_table.csv,data/scot-elex/06_cands/east_ayrshire_2022_ward8.csv
east_ayrshire_2022_ward9,2022,East Ayrshire,Ward 9 - Doon Valley,3,6,data/scottish_vote_tables/6_cands/east_ayrshire_2022_ward9_votes_table.csv,data/scot-elex/06_cands/east_ayrshire_2022_ward9.csv
east_dunbartonshire_2022_ward1,2022,East Dunbartonshire,Ward 1 - Milngavie,3,6,data/scottish_vote_tables/6_cands/east_dunbartonshire_2022_ward1_votes_table.csv,data/scot-elex/06_cands/east_dunbartonshire_2022_ward1.csv
east_dunbartonshire_2022_ward2,2022,East Dunbartonshire,Ward 2 - Bearsden North,3,6,data/scottish_vote_tables/6_cands/east_dunbartonshire_2022_ward2_votes_table.csv,data/scot-elex/06_cands/east_dunbartonshire_2022_ward2.csv
east_dunbartonshire_2022_ward3,2022,East Dunbartonshire,Ward 3 - Bearsden South,3,7,data/scottish_vote_tables/7_cands/east_dunbartonshire_2022_ward3_votes_table.csv,data/scot-elex/07_cands/east_dunbartonshire_2022_ward3.csv
east_dunbartonshire_2022_ward4,2022,East Dunbartonshire,Ward 4 - Bishopbriggs North & Campsie,4,8,data/scottish_vote_tables/8_cands/east_dunbartonshire_2022_ward4_votes_table.csv,data/scot-elex/08_cands/east_dunbartonshire_2022_ward4.csv
east_dunbartonshire_2022_ward5,2022,East Dunbartonshire,Ward 5 - Bishopbriggs South,3,6,data/scottish_vote_tables/6_cands/east_dunbartonshire_2022_ward5_votes_table.csv,data/scot-elex/06_cands/east_dunbartonshire_2022_ward5.csv
east_dunbartonshire_2022_ward6,2022,East Dunbartonshire,Ward 6 - Lenzie & Kirkintilloch South,3,6,data/scottish_vote_tables/6_cands/east_dunbartonshire_2022_ward6_votes_table.csv,data/scot-elex/06_cands/east_dunbartonshire_2022_ward6.csv
east_dunbartonshire_2022_ward7,2022,East Dunbartonshire,Ward 7 - Kirkintilloch East & North & Twechar,3,5,data/scottish_vote_tables/5_cands/east_dunbartonshire_2022_ward7_votes_table.csv,data/scot-elex/05_cands/east_dunbartonshire_2022_ward7.csv
east_lothian_2022_ward1,2022,East Lothian,Ward 1 - Musselburgh,4,9,data/scottish_vote_tables/9_cands/east_lothian_2022_ward1_votes_table.csv,data/scot-elex/09_cands/east_lothian_2022_ward1.csv
east_lothian_2022_ward2,2022,East Lothian,Ward 2 - Preston Seton and Gosford,4,8,data/scottish_vote_tables/8_cands/east_lothian_2022_ward2_votes_table.csv,data/scot-elex/08_cands/east_lothian_2022_ward2.csv
east_lothian_2022_ward3,2022,East Lothian,Ward 3 - Tranent Wallyford and Macmerry,4,9,data/scottish_vote_tables/9_cands/east_lothian_2022_ward3_votes_table.csv,data/scot-elex/09_cands/east_lothian_2022_ward3.csv
east_lothian_2022_ward4,2022,East Lothian,Ward 4 - North Berwick Coastal,3,8,data/scottish_vote_tables/8_cands/east_lothian_2022_ward4_votes_table.csv,data/scot-elex/08_cands/east_lothian_2022_ward4.csv
east_lothian_2022_ward5,2022,East Lothian,Ward 5 - Haddington and Lammermuir,4,9,data/scottish_vote_tables/9_cands/east_lothian_2022_ward5_votes_table.csv,data/scot-elex/09_cands/east_lothian_2022_ward5.csv
east_lothian_2022_ward6,2022,East Lothian,Ward 6 - Dunbar and East Linton,3,7,data/scottish_vote_tables/7_cands/east_lothian_2022_ward6_votes_table.csv,data/scot-elex/07_cands/east_lothian_2022_ward6.csv
east_renfrewshire_2022_ward1,2022,East Renfrewshire,Ward 1 ‐ Barrhead Liboside and Uplawmoor,4,8,data/scottish_vote_tables/8_cands/east_renfrewshire_2022_ward1_votes_table.csv,data/scot-elex/08_cands/east_renfrewshire_2022_ward1.csv
east_renfrewshire_2022_ward2,2022,East Renfrewshire,Ward 2 ‐ Newton Mearns North and Neilston,3,8,data/scottish_vote_tables/8_cands/east_renfrewshire_2022_ward2_votes_table.csv,data/scot-elex/08_cands/east_renfrewshire_2022_ward2.csv
east_renfrewshire_2022_ward3,2022,East Renfrewshire,Ward 3 ‐ Giffnock and Thornliebank,3,7,data/scottish_vote_tables/7_cands/east_renfrewshire_2022_ward3_votes_table.csv,data/scot-elex/07_cands/east_renfrewshire_2022_ward3.csv
east_renfrewshire_2022_ward4,2022,East Renfrewshire,Ward 4 ‐ Clarkston Netherlee and Williamwood,4,10,data/scottish_vote_tables/10_cands/east_renfrewshire_2022_ward4_votes_table.csv,data/scot-elex/10_cands/east_renfrewshire_2022_ward4.csv
east_renfrewshire_2022_ward5,2022,East Renfrewshire,Ward 5 ‐ Newton Mearns South and Eaglesham,4,9,data/scottish_vote_tables/9_cands/east_renfrewshire_2022_ward5_votes_table.csv,data/scot-elex/09_cands/east_renfrewshire_2022_ward5.csv
edinburgh_2022_ward1,2022,City of Edinburgh,Ward 1 - Almond,4,9,data/scottish_vote_tables/9_cands/edinburgh_2022_ward1_votes_table.csv,data/scot-elex/09_cands/edinburgh_2022_ward1.csv
edinburgh_2022_ward2,2022,City of Edinburgh,Ward 2 - Pentland Hills,4,9,data/scottish_vote_tables/9_cands/edinburgh_2022_ward2_votes_table.csv,data/scot-elex/09_cands/edinburgh_2022_ward2.csv
edinburgh_2022_ward3,2022,City of Edinburgh,Ward 3 - Drum Brae-Gyle,3,8,data/scottish_vote_tables/8_cands/edinburgh_2022_ward3_votes_table.csv,data/scot-elex/08_cands/edinburgh_2022_ward3.csv
edinburgh_2022_ward4,2022,City of Edinburgh,Ward 4 - Forth,4,8,data/scottish_vote_tables/8_cands/edinburgh_2022_ward4_votes_table.csv,data/scot-elex/08_cands/edinburgh_2022_ward4.csv
edinburgh_2022_ward5,2022,City of Edinburgh,Ward 5 - Inverleith,4,10,data/scottish_vote_tables/10_cands/edinburgh_2022_ward5_votes_table.csv,data/scot-elex/10_cands/edinburgh_2022_ward5.csv
edinburgh_2022_ward6,2022,City of Edinburgh,Ward 6 - Corstorphine-Murrayfield,3,7,data/scottish_vote_tables/7_cands/edinburgh_2022_ward6_votes_table.csv,data/scot-elex/07_cands/edinburgh_2022_ward6.csv
edinburgh_2022_ward7,2022,City of Edinburgh,Ward 7 - Sighthill-Gorgie,4,8,data/scottish_vote_tables/8_cands/edinburgh_2022_ward7_votes_table.csv,data/scot-elex/08_cands/edinburgh_2022_ward7.csv
edinburgh_2022_ward8,2022,City of Edinburgh,Ward 8 - Colinton-Fairmilehead,3,7,data/scottish_vote_tables/7_cands/edinburgh_2022_ward8_votes_table.csv,data/scot-elex/07_cands/edinburgh_2022_ward8.csv
edinburgh_2022_ward9,2022,City of Edinburgh,Ward 9 - Fountainbridge-Craiglockhart,3,7,data/scottish_vote_tables/7_cands/edinburgh_2022_ward9_votes_table.csv,data/scot-elex/07_cands/edinburgh_2022_ward9.csv
edinburgh_2022_ward10,2022,City of Edinburgh,Ward 10 - Morningside,4,7,data/scottish_vote_tables/7_cands/edinburgh_2022_ward10_votes_table.csv,data/scot-elex/07_cands/edinburgh_2022_ward10.csv
edinburgh_2022_ward11,2022,City of Edinburgh,Ward 11 - City Centre,4,13,data/scottish_vote_tables/13_cands/edinburgh_2022_ward11_votes_table.csv,data/scot-elex/13_cands/edinburgh_2022_ward11.csv
edinburgh_2022_ward12,2022,City of Edinburgh,Ward 12 - Leith Walk,4,12,data/scottish_vote_tables/12_cands/edinburgh_2022_ward12_votes_table.csv,data/scot-elex/12_cands/edinburgh_2022_ward12.csv
edinburgh_2022_ward13,2022,City of Edinburgh,Ward 13 - Leith,3,8,data/scottish_vote_tables/8_cands/edinburgh_2022_ward13_votes_table.csv,data/scot-elex/08_cands/edinburgh_2022_ward13.csv
edinburgh_2022_ward14,2022,City of Edinburgh,Ward 14 - Craigentinny-Duddingston,4,6,data/scottish_vote_tables/6_cands/edinburgh_2022_ward14_votes_table.csv,data/scot-elex/06_cands/edinburgh_2022_ward14.csv
edinburgh_2022_ward15,2022,City of Edinburgh,Ward 15 - Southside-Newington,4,5,data/scottish_vote_tables/5_cands/edinburgh_2022_ward15_votes_table.csv,data/scot-elex/05_cands/edinburgh_2022_ward15.csv
edinburgh_2022_ward16,2022,City of Edinburgh,Ward 16 - Liberton-Gilmerton,4,10,data/scottish_vote_tables/10_cands/edinburgh_2022_ward16_votes_table.csv,data/scot-elex/10_cands/edinburgh_2022_ward16.csv
edinburgh_2022_ward17,2022,City of Edinburgh,Ward 17 - Portobello-Craigmillar,4,9,data/scottish_vote_tables/9_cands/edinburgh_2022_ward17_votes_table.csv,data/scot-elex/09_cands/edinburgh_2022_ward17.csv
eilean_siar_2022_ward2,2022,Na h-Eileanan Siar,Ward 2 Uibhist a Deas Èirisgeigh agus Beinn na Faoghla,3,8,data/scottish_vote_tables/8_cands/eilean_siar_2022_ward2_votes_table.csv,data/scot-elex/08_cands/eilean_siar_2022_ward2.csv
eilean_siar_2022_ward3,2022,Na h-Eileanan Siar,Ward 3 Uibhist a Tuath,2,3,data/scottish_vote_tables/3_cands/eilean_siar_2022_ward3_votes_table.csv,data/scot-elex/03_cands/eilean_siar_2022_ward3.csv
eilean_siar_2022_ward4,2022,Na h-Eileanan Siar,Ward 4 Na Hearadh,2,3,data/scottish_vote_tables/3_cands/eilean_siar_2022_ward4_votes_table.csv,data/scot-elex/03_cands/eilean_siar_2022_ward4.csv
eilean_siar_2022_ward5,2022,Na h-Eileanan Siar,Ward 5 Sgìre nan Loch,2,4,data/scottish_vote_tables/4_cands/eilean_siar_2022_ward5_votes_table.csv,data/scot-elex/04_cands/eilean_siar_2022_ward5.csv
eilean_siar_2022_ward7,2022,Na h-Eileanan Siar,Ward 7 An Taobh Siar agus Nis,3,6,data/scottish_vote_tables/6_cands/eilean_siar_2022_ward7_votes_table.csv,data/scot-elex/06_cands/eilean_siar_2022_ward7.csv
eilean_siar_2022_ward8,2022,Na h-Eileanan Siar,Ward 8 Loch a Tuath,3,5,data/scottish_vote_tables/5_cands/eilean_siar_2022_ward8_votes_table.csv,data/scot-elex/05_cands/eilean_siar_2022_ward8.csv
eilean_siar_2022_ward9,2022,Na h-Eileanan Siar,Ward 9 Steòrnabhagh a Tuath,4,10,data/scottish_vote_tables/10_cands/eilean_siar_2022_ward9_votes_table.csv,data/scot-elex/10_cands/eilean_siar_2022_ward9.csv
eilean_siar_2022_ward10,2022,Na h-Eileanan Siar,Ward 10 Steòrnabhagh a Deas,4,7,data/scottish_vote_tables/7_cands/eilean_siar_2022_ward10_votes_table.csv,data/scot-elex/07_cands/eilean_siar_2022_ward10.csv
falkirk_2022_ward1,2022,Falkirk,Ward 1 - Bo'ness and Blackness,3,6,data/scottish_vote_tables/6_cands/falkirk_2022_ward1_votes_table.csv,data/scot-elex/06_cands/falkirk_2022_ward1.csv
falkirk_2022_ward2,2022,Falkirk,Ward 2 - Grangemouth,3,8,data/scottish_vote_tables/8_cands/falkirk_2022_ward2_votes_table.csv,data/scot-elex/08_cands/falkirk_2022_ward2.csv
falkirk_2022_ward3,2022,Falkirk,Ward 3 - Denny and Banknock,4,7,data/scottish_vote_tables/7_cands/falkirk_2022_ward3_votes_table.csv,data/scot-elex/07_cands/falkirk_2022_ward3.csv
falkirk_2022_ward4,2022,Falkirk,Ward 4 - Carse Kinnaird and Tryst,4,7,data/scottish_vote_tables/7_cands/falkirk_2022_ward4_votes_table.csv,data/scot-elex/07_cands/falkirk_2022_ward4.csv
falkirk_2022_ward5,2022,Falkirk,Ward 5 - Bonnybridge and Larbert,3,6,data/scottish_vote_tables/6_cands/falkirk_2022_ward5_votes_table.csv,data/scot-elex/06_cands/falkirk_2022_ward5.csv
falkirk_2022_ward6,2022,Falkirk,Ward 6 - Falkirk North,4,7,data/scottish_vote_tables/7_cands/falkirk_2022_ward6_votes_table.csv,data/scot-elex/07_cands/falkirk_2022_ward6.csv
falkirk_2022_ward7,2022,Falkirk,Ward 7 - Falkirk South,3,6,data/scottish_vote_tables/6_cands/falkirk_2022_ward7_votes_table.csv,data/scot-elex/06_cands/falkirk_2022_ward7.csv
falkirk_2022_ward8,2022,Falkirk,Ward 8 - Lower Braes,3,7,data/scottish_vote_tables/7_cands/falkirk_2022_ward8_votes_table.csv,data/scot-elex/07_cands/falkirk_2022_ward8.csv
falkirk_2022_ward9,2022,Falkirk,Ward 9 - Upper Braes,3,9,data/scottish_vote_tables/9_cands/falkirk_2022_ward9_votes_table.csv,data/scot-elex/09_cands/falkirk_2022_ward9.csv
fife_2022_ward1,2022,Fife,Ward 1 - West Fife & Coastal Villages,3,10,data/scottish_vote_tables/10_cands/fife_2022_ward1_votes_table.csv,data/scot-elex/10_cands/fife_2022_ward1.csv
fife_2022_ward2,2022,Fife,Ward 2 - Dunfermline North,3,8,data/scottish_vote_tables/8_cands/fife_2022_ward2_votes_table.csv,data/scot-elex/08_cands/fife_2022_ward2.csv
fife_2022_ward3,2022,Fife,Ward 3 - Dunfermline Central,4,9,data/scottish_vote_tables/9_cands/fife_2022_ward3_votes_table.csv,data/scot-elex/09_cands/fife_2022_ward3.csv
fife_2022_ward4,2022,Fife,Ward 4 - Dunfermline South,4,10,data/scottish_vote_tables/10_cands/fife_2022_ward4_votes_table.csv,data/scot-elex/10_cands/fife_2022_ward4.csv
fife_2022_ward5,2022,Fife,Ward 5 - Rosyth,3,9,data/scottish_vote_tables/9_cands/fife_2022_ward5_votes_table.csv,data/scot-elex/09_cands/fife_2022_ward5.csv
fife_2022_ward6,2022,Fife,Ward 6 - Inverkeithing & Dalgety Bay,4,8,data/scottish_vote_tables/8_cands/fife_2022_ward6_votes_table.csv,data/scot-elex/08_cands/fife_2022_ward6.csv
fife_2022_ward7,2022,Fife,Ward 7 - Cowdenbeath,4,9,data/scottish_vote_tables/9_cands/fife_2022_ward7_votes_table.csv,data/scot-elex/09_cands/fife_2022_ward7.csv
fife_2022_ward8,2022,Fife,Ward 8 - Lochgelly Cardenden & Benarty,4,8,data/scottish_vote_tables/8_cands/fife_2022_ward8_votes_table.csv,data/scot-elex/08_cands/fife_2022_ward8.csv
fife_2022_ward9,2022,Fife,Ward 9 - Burntisland Kinghorn & Western Kirkcaldy,3,9,data/scottish_vote_tables/9_cands/fife_2022_ward9_votes_table.csv,data/scot-elex/09_cands/fife_2022_ward9.csv
fife_2022_ward10,2022,Fife,Ward 10 - Kirkcaldy North,3,8,data/scottish_vote_tables/8_cands/fife_2022_ward10_votes_table.csv,data/scot-elex/08_cands/fife_2022_ward10.csv
fife_2022_ward11,2022,Fife,Ward 11 - Kirkcaldy Central,3,7,data/scottish_vote_tables/7_cands/fife_2022_ward11_votes_table.csv,data/scot-elex/07_cands/fife_2022_ward11.csv
fife_2022_ward12,2022,Fife,Ward 12 - Kirkcaldy East,3,8,data/scottish_vote_tables/8_cands/fife_2022_ward12_votes_table.csv,data/scot-elex/08_cands/fife_2022_ward12.csv
fife_2022_ward13,2022,Fife,Ward 13 - Glenrothes West & Kinglassie,3,6,data/scottish_vote_tables/6_cands/fife_2022_ward13_votes_table.csv,data/scot-elex/06_cands/fife_2022_ward13.csv
fife_2022_ward14,2022,Fife,Ward 14 - Glenrothes North Leslie & Markinch,4,8,data/scottish_vote_tables/8_cands/fife_2022_ward14_votes_table.csv,data/scot-elex/08_cands/fife_2022_ward14.csv
fife_2022_ward15,2022,Fife,Ward 15 - Glenrothes Central & Thornton,3,8,data/scottish_vote_tables/8_cands/fife_2022_ward15_votes_table.csv,data/scot-elex/08_cands/fife_2022_ward15.csv
fife_2022_ward16,2022,Fife,Ward 16 - Howe Of Fife & Tay Coast,3,7,data/scottish_vote_tables/7_cands/fife_2022_ward16_votes_table.csv,data/scot-elex/07_cands/fife_2022_ward16.csv
fife_2022_ward17,2022,Fife,Ward 17 - Tay Bridgehead,3,8,data/scottish_vote_tables/8_cands/fife_2022_ward17_votes_table.csv,data/scot-elex/08_cands/fife_2022_ward17.csv
fife_2022_ward18,2022,Fife,Ward 18 - St. Andrews,4,6,data/scottish_vote_tables/6_cands/fife_2022_ward18_votes_table.csv,data/scot-elex/06_cands/fife_2022_ward18.csv
fife_2022_ward19,2022,Fife,Ward 19 - East Neuk & Landward,3,8,data/scottish_vote_tables/8_cands/fife_2022_ward19_votes_table.csv,data/scot-elex/08_cands/fife_2022_ward19.csv
fife_2022_ward20,2022,Fife,Ward 20 - Cupar,3,9,data/scottish_vote_tables/9_cands/fife_2022_ward20_votes_table.csv,data/scot-elex/09_cands/fife_2022_ward20.csv
fife_2022_ward21,2022,Fife,Ward 21 - Leven Kennoway & Largo,4,8,data/scottish_vote_tables/8_cands/fife_2022_ward21_votes_table.csv,data/scot-elex/08_cands/fife_2022_ward21.csv
fife_2022_ward22,2022,Fife,Ward 22 - Buckhaven Methil & Wemyss Villages,4,8,data/scottish_vote_tables/8_cands/fife_2022_ward22_votes_table.csv,data/scot-elex/08_cands/fife_2022_ward22.csv
glasgow_2022_ward1,2022,Glasgow,Ward 1 Linn,4,9,data/scottish_vote_tables/9_cands/glasgow_2022_ward1_votes_table.csv,data/scot-elex/09_cands/glasgow_2022_ward1.csv
glasgow_2022_ward2,2022,Glasgow,Ward 2 Newlands-Auldburn,3,10,data/scottish_vote_tables/10_cands/glasgow_2022_ward2_votes_table.csv,data/scot-elex/10_cands/glasgow_2022_ward2.csv
glasgow_2022_ward3,2022,Glasgow,Ward 3 Greater Pollok,4,11,data/scottish_vote_tables/11_cands/glasgow_2022_ward3_votes_table.csv,data/scot-elex/11_cands/glasgow_2022_ward3.csv
glasgow_2022_ward4,2022,Glasgow,Ward 4 Cardonald,4,9,data/scottish_vote_tables/9_cands/glasgow_2022_ward4_votes_table.csv,data/scot-elex/09_cands/glasgow_2022_ward4.csv
glasgow_2022_ward5,2022,Glasgow,Ward 5 Govan,4,11,data/scottish_vote_tables/11_cands/glasgow_2022_ward5_votes_table.csv,data/scot-elex/11_cands/glasgow_2022_ward5.csv
glasgow_2022_ward6,2022,Glasgow,Ward 6 Pollokshields,4,10,data/scottish_vote_tables/10_cands/glasgow_2022_ward6_votes_table.csv,data/scot-elex/10_cands/glasgow_2022_ward6.csv
glasgow_2022_ward7,2022,Glasgow,Ward 7 Langside,4,9,data/scottish_vote_tables/9_cands/glasgow_2022_ward7_votes_table.csv,data/scot-elex/09_cands/glasgow_2022_ward7.csv
glasgow_2022_ward8,2022,Glasgow,Ward 8 Southside Central,4,10,data/scottish_vote_tables/10_cands/glasgow_2022_ward8_votes_table.csv,data/scot-elex/10_cands/glasgow_2022_ward8.csv
glasgow_2022_ward9,2022,Glasgow,Ward 9 Calton,4,9,data/scottish_vote_tables/9_cands/glasgow_2022_ward9_votes_table.csv,data/scot-elex/09_cands/glasgow_2022_ward9.csv
glasgow_2022_ward10,2022,Glasgow,Ward 10 Anderston-City-Yorkhill,4,10,data/scottish_vote_tables/10_cands/glasgow_2022_ward10_votes_table.csv,data/scot-elex/10_cands/glasgow_2022_ward10.csv
glasgow_2022_ward11,2022,Glasgow,Ward 11 Hillhead,3,6,data/scottish_vote_tables/6_cands/glasgow_2022_ward11_votes_table.csv,data/scot-elex/06_cands/glasgow_2022_ward11.csv
glasgow_2022_ward12,2022,Glasgow,Ward 12 Victoria Park,3,6,data/scottish_vote_tables/6_cands/glasgow_2022_ward12_votes_table.csv,data/scot-elex/06_cands/glasgow_2022_ward12.csv
glasgow_2022_ward13,2022,Glasgow,Ward 13 Garscadden-Scotstounhill,4,8,data/scottish_vote_tables/8_cands/glasgow_2022_ward13_votes_table.csv,data/scot-elex/08_cands/glasgow_2022_ward13.csv
glasgow_2022_ward14,2022,Glasgow,Ward 14 Drumchapel-Anniesland,4,10,data/scottish_vote_tables/10_cands/glasgow_2022_ward14_votes_table.csv,data/scot-elex/10_cands/glasgow_2022_ward14.csv
glasgow_2022_ward15,2022,Glasgow,Ward 15 Maryhill,3,8,data/scottish_vote_tables/8_cands/glasgow_2022_ward15_votes_table.csv,data/scot-elex/08_cands/glasgow_2022_ward15.csv
glasgow_2022_ward16,2022,Glasgow,Ward 16 Canal,4,10,data/scottish_vote_tables/10_cands/glasgow_2022_ward16_votes_table.csv,data/scot-elex/10_cands/glasgow_2022_ward16.csv
glasgow_2022_ward17,2022,Glasgow,Ward 17 Springburn-Robroyston,4,8,data/scottish_vote_tables/8_cands/glasgow_2022_ward17_votes_table.csv,data/scot-elex/08_cands/glasgow_2022_ward17.csv
glasgow_2022_ward18,2022,Glasgow,Ward 18 East Centre,4,11,data/scottish_vote_tables/11_cands/glasgow_2022_ward18_votes_table.csv,data/scot-elex/11_cands/glasgow_2022_ward18.csv
glasgow_2022_ward19,2022,Glasgow,Ward 19 Shettleston,4,8,data/scottish_vote_tables/8_cands/glasgow_2022_ward19_votes_table.csv,data/scot-elex/08_cands/glasgow_2022_ward19.csv
glasgow_2022_ward20,2022,Glasgow,Ward 20 Baillieston,3,7,data/scottish_vote_tables/7_cands/glasgow_2022_ward20_votes_table.csv,data/scot-elex/07_cands/glasgow_2022_ward20.csv
glasgow_2022_ward21,2022,Glasgow,Ward 21 North East,3,8,data/scottish_vote_tables/8_cands/glasgow_2022_ward21_votes_table.csv,data/scot-elex/08_cands/glasgow_2022_ward21.csv
glasgow_2022_ward22,2022,Glasgow,Ward 22 Dennistoun,3,7,data/scottish_vote_tables/7_cands/glasgow_2022_ward22_votes_table.csv,data/scot-elex/07_cands/glasgow_2022_ward22.csv
glasgow_2022_ward23,2022,Glasgow,Ward 23 Partick East-Kelvindale,4,9,data/scottish_vote_tables/9_cands/glasgow_2022_ward23_votes_table.csv,data/scot-elex/09_cands/glasgow_2022_ward23.csv
highland_2022_aird_and_loch_ness,2022,Highland,Aird and Loch Ness,4,7,data/scottish_vote_tables/7_cands/highland_2022_aird_and_loch_ness_votes_table.csv,data/scot-elex/07_cands/highland_2022_aird_and_loch_ness.csv
highland_2022_badenoch,2022,Highland,Badenoch and Strathspey,4,8,data/scottish_vote_tables/8_cands/highland_2022_badenoch_votes_table.csv,data/scot-elex/08_cands/highland_2022_badenoch.csv
highland_2022_black_isle,2022,Highland,Black Isle,3,8,data/scottish_vote_tables/8_cands/highland_2022_black_isle_votes_table.csv,data/scot-elex/08_cands/highland_2022_black_isle.csv
highland_2022_cromarty_firth,2022,Highland,Cromarty Firth,4,9,data/scottish_vote_tables/9_cands/highland_2022_cromarty_firth_votes_table.csv,data/scot-elex/09_cands/highland_2022_cromarty_firth.csv
highland_2022_culloden,2022,Highland,Culloden and Ardersier,3,7,data/scottish_vote_tables/7_cands/highland_2022_culloden_votes_table.csv,data/scot-elex/07_cands/highland_2022_culloden.csv
highland_2022_dingwall,2022,Highland,Dingwall and Seaforth,4,7,data/scottish_vote_tables/7_cands/highland_2022_dingwall_votes_table.csv,data/scot-elex/07_cands/highland_2022_dingwall.csv
highland_2022_east_sutherland,2022,Highland,East Sutherland and Edderton,3,5,data/scottish_vote_tables/5_cands/highland_2022_east_sutherland_votes_table.csv,data/scot-elex/05_cands/highland_2022_east_sutherland.csv
highland_2022_eilean_a_cheo,2022,Highland,Eilean a' Cheò,4,9,data/scottish_vote_tables/9_cands/highland_2022_eilean_a_cheo_votes_table.csv,data/scot-elex/9_cands/highland_2022_eilean_a_cheo.csv
highland_2022_fort_william,2022,Highland,Fort William and Ardnamurchan,4,5,data/scottish_vote_tables/5_cands/highland_2022_fort_william_votes_table.csv,data/scot-elex/05_cands/highland_2022_fort_william.csv
highland_2022_inverness_central,2022,Highland,Inverness Central,3,10,data/scottish_vote_tables/10_cands/highland_2022_inverness_central_votes_table.csv,data/scot-elex/10_cands/highland_2022_inverness_central.csv
highland_2022_inverness_millburn,2022,Highland,Inverness Millburn,3,4,data/scottish_vote_tables/4_cands/highland_2022_inverness_millburn_votes_table.csv,data/scot-elex/04_cands/highland_2022_inverness_millburn.csv
highland_2022_inverness_ness_side,2022,Highland,Inverness Ness-side,3,7,data/scottish_vote_tables/7_cands/highland_2022_inverness_ness_side_votes_table.csv,data/scot-elex/07_cands/highland_2022_inverness_ness_side.csv
highland_2022_inverness_south,2022,Highland,Inverness South,4,7,data/scottish_vote_tables/7_cands/highland_2022_inverness_south_votes_table.csv,data/scot-elex/07_cands/highland_2022_inverness_south.csv
highland_2022_inverness_west,2022,Highland,Inverness West,3,9,data/scottish_vote_tables/9_cands/highland_2022_inverness_west_votes_table.csv,data/scot-elex/09_cands/highland_2022_inverness_west.csv
highland_2022_nairn,2022,Highland,Nairn and Cawdor,4,8,data/scottish_vote_tables/8_cands/highland_2022_nairn_votes_table.csv,data/scot-elex/08_cands/highland_2022_nairn.csv
highland_2022_northwest_and_central_sutherland,2022,Highland,North West and Central Sutherland,3,7,data/scottish_vote_tables/7_cands/highland_2022_northwest_and_central_sutherland_votes_table.csv,data/scot-elex/07_cands/highland_2022_northwest_and_central_sutherland.csv
highland_2022_tain_and_easter_ross,2022,Highland,Tain and Easter Ross,3,5,data/scottish_vote_tables/5_cands/highland_2022_tain_and_easter_ross_votes_table.csv,data/scot-elex/05_cands/highland_2022_tain_and_easter_ross.csv
highland_2022_thurso,2022,Highland,Thurso and Northwest Caithness,4,6,data/scottish_vote_tables/6_cands/highland_2022_thurso_votes_table.csv,data/scot-elex/06_cands/highland_2022_thurso.csv
highland_2022_wester_ross_strathpeffer_and_lochalsh,2022,Highland,Wester Ross Strathpeffer and Lochalsh,4,5,data/scottish_vote_tables/5_cands/highland_2022_wester_ross_strathpeffer_and_lochalsh_votes_table.csv,data/scot-elex/05_cands/highland_2022_wester_ross_strathpeffer_and_lochalsh.csv
highland_2022_wick_and_east_caithness,2022,Highland,Wick and East Caithness,4,6,data/scottish_vote_tables/6_cands/highland_2022_wick_and_east_caithness_votes_table.csv,data/scot-elex/06_cands/highland_2022_wick_and_east_caithness.csv
inverclyde_2022_ward2,2022,Inverclyde,Ward 2 - Inverclyde East Central,3,6,data/scottish_vote_tables/6_cands/inverclyde_2022_ward2_votes_table.csv,data/scot-elex/06_cands/inverclyde_2022_ward2.csv
inverclyde_2022_ward3,2022,Inverclyde,Ward 3 - Inverclyde Central,3,6,data/scottish_vote_tables/6_cands/inverclyde_2022_ward3_votes_table.csv,data/scot-elex/06_cands/inverclyde_2022_ward3.csv
inverclyde_2022_ward4,2022,Inverclyde,Ward 4 - Inverclyde North,4,9,data/scottish_vote_tables/9_cands/inverclyde_2022_ward4_votes_table.csv,data/scot-elex/09_cands/inverclyde_2022_ward4.csv
inverclyde_2022_ward5,2022,Inverclyde,Ward 5 - Inverclyde West,3,7,data/scottish_vote_tables/7_cands/inverclyde_2022_ward5_votes_table.csv,data/scot-elex/07_cands/inverclyde_2022_ward5.csv
inverclyde_2022_ward6,2022,Inverclyde,Ward 6 - Inverclyde South West,3,6,data/scottish_vote_tables/6_cands/inverclyde_2022_ward6_votes_table.csv,data/scot-elex/06_cands/inverclyde_2022_ward6.csv
inverclyde_2022_ward7,2022,Inverclyde,Ward 7 - Inverclyde South,3,5,data/scottish_vote_tables/5_cands/inverclyde_2022_ward7_votes_table.csv,data/scot-elex/05_cands/inverclyde_2022_ward7.csv
midlothian_2022_ward1,2022,Midlothian,Ward 1 - Penicuik,3,7,data/scottish_vote_tables/7_cands/midlothian_2022_ward1_votes_table.csv,data/scot-elex/07_cands/midlothian_2022_ward1.csv
midlothian_2022_ward2,2022,Midlothian,Ward 2 - Bonnyrigg,3,4,data/scottish_vote_tables/4_cands/midlothian_2022_ward2_votes_table.csv,data/scot-elex/04_cands/midlothian_2022_ward2.csv
midlothian_2022_ward3,2022,Midlothian,Ward 3 - Dalkeith,3,7,data/scottish_vote_tables/7_cands/midlothian_2022_ward3_votes_table.csv,data/scot-elex/07_cands/midlothian_2022_ward3.csv
midlothian_2022_ward4,2022,Midlothian,Ward 4 - Midlothian West,3,7,data/scottish_vote_tables/7_cands/midlothian_2022_ward4_votes_table.csv,data/scot-elex/07_cands/midlothian_2022_ward4.csv
midlothian_2022_ward5,2022,Midlothian,Ward 5 - Midlothian East,3,6,data/scottish_vote_tables/6_cands/midlothian_2022_ward5_votes_table.csv,data/scot-elex/06_cands/midlothian_2022_ward5.csv
midlothian_2022_ward6,2022,Midlothian,Ward 6 - Midlothian South,3,8,data/scottish_vote_tables/8_cands/midlothian_2022_ward6_votes_table.csv,data/scot-elex/08_cands/midlothian_2022_ward6.csv
moray_2022_ward1,2022,Moray,Ward 1 - Speyside Glenlivet,3,5,data/scottish_vote_tables/5_cands/moray_2022_ward1_votes_table.csv,data/scot-elex/05_cands/moray_2022_ward1.csv
moray_2022_ward2,2022,Moray,Ward 2 - Keith and Cullen,3,5,data/scottish_vote_tables/5_cands/moray_2022_ward2_votes_table.csv,data/scot-elex/05_cands/moray_2022_ward2.csv
moray_2022_ward4,2022,Moray,Ward 4 - Fochabers Lhanbryde,3,5,data/scottish_vote_tables/5_cands/moray_2022_ward4_votes_table.csv,data/scot-elex/05_cands/moray_2022_ward4.csv
moray_2022_ward5,2022,Moray,Ward 5 - Heldon and Laich,4,6,data/scottish_vote_tables/6_cands/moray_2022_ward5_votes_table.csv,data/scot-elex/06_cands/moray_2022_ward5.csv
moray_2022_ward6,2022,Moray,Ward 6 - Elgin City North,3,6,data/scottish_vote_tables/6_cands/moray_2022_ward6_votes_table.csv,data/scot-elex/06_cands/moray_2022_ward6.csv
moray_2022_ward7,2022,Moray,Ward 7 - Elgin City South,3,6,data/scottish_vote_tables/6_cands/moray_2022_ward7_votes_table.csv,data/scot-elex/06_cands/moray_2022_ward7.csv
moray_2022_ward8,2022,Moray,Ward 8 - Forres,4,6,data/scottish_vote_tables/6_cands/moray_2022_ward8_votes_table.csv,data/scot-elex/06_cands/moray_2022_ward8.csv
north_ayrshire_2022_north_coast,2022,North Ayrshire,Ward 01 - North Coast,5,12,data/scottish_vote_tables/12_cands/north_ayrshire_2022_north_coast_votes_table.csv,data/scot-elex/12_cands/north_ayrshire_2022_north_coast.csv
north_ayrshire_2022_garnock_valley,2022,North Ayrshire,Ward 02 - Garnock Valley,5,11,data/scottish_vote_tables/11_cands/north_ayrshire_2022_garnock_valley_votes_table.csv,data/scot-elex/11_cands/north_ayrshire_2022_garnock_valley.csv
north_ayrshire_2022_ardrossan,2022,North Ayrshire,Ward 03 - Ardrossan,3,7,data/scottish_vote_tables/7_cands/north_ayrshire_2022_ardrossan_votes_table.csv,data/scot-elex/07_cands/north_ayrshire_2022_ardrossan.csv
north_ayrshire_2022_arran,2022,North Ayrshire,Ward 04 - Arran,1,6,data/scottish_vote_tables/6_cands/north_ayrshire_2022_arran_votes_table.csv,data/scot-elex/06_cands/north_ayrshire_2022_arran.csv
north_ayrshire_2022_saltcoats_and_stevenston,2022,North Ayrshire,Ward 05 - Saltcoats and Stevenston,5,8,data/scottish_vote_tables/8_cands/north_ayrshire_2022_saltcoats_and_stevenston_votes_table.csv,data/scot-elex/08_cands/north_ayrshire_2022_saltcoats_and_stevenston.csv
north_ayrshire_2022_kilwinning,2022,North Ayrshire,Ward 06 - Kilwinning,4,6,data/scottish_vote_tables/6_cands/north_ayrshire_2022_kilwinning_votes_table.csv,data/scot-elex/06_cands/north_ayrshire_2022_kilwinning.csv
north_ayrshire_2022_irvine_west,2022,North Ayrshire,Ward 07 - Irvine West,4,10,data/scottish_vote_tables/10_cands/north_ayrshire_2022_irvine_west_votes_table.csv,data/scot-elex/10_cands/north_ayrshire_2022_irvine_west.csv
north_ayrshire_2022_irvine_east,2022,North Ayrshire,Ward 08 - Irvine East,3,7,data/scottish_vote_tables/7_cands/north_ayrshire_2022_irvine_east_votes_table.csv,data/scot-elex/07_cands/north_ayrshire_2022_irvine_east.csv
north_ayrshire_2022_irvine_south,2022,North Ayrshire,Ward 09 - Irvine South,3,7,data/scottish_vote_tables/7_cands/north_ayrshire_2022_irvine_south_votes_table.csv,data/scot-elex/07_cands/north_ayrshire_2022_irvine_south.csv
north_lanarkshire_2022_ward1,2022,North Lanarkshire,Ward 1 - Kilsyth,3,7,data/scottish_vote_tables/7_cands/north_lanarkshire_2022_ward1_votes_table.csv,data/scot-elex/07_cands/north_lanarkshire_2022_ward1.csv
north_lanarkshire_2022_ward2,2022,North Lanarkshire,Ward 2 - Cumbernauld North,4,8,data/scottish_vote_tables/8_cands/north_lanarkshire_2022_ward2_votes_table.csv,data/scot-elex/08_cands/north_lanarkshire_2022_ward2.csv
north_lanarkshire_2022_ward3,2022,North Lanarkshire,Ward 3 - Cumbernauld South,4,9,data/scottish_vote_tables/9_cands/north_lanarkshire_2022_ward3_votes_table.csv,data/scot-elex/09_cands/north_lanarkshire_2022_ward3.csv
north_lanarkshire_2022_ward4,2022,North Lanarkshire,Ward 4 - Cumbernauld East,4,8,data/scottish_vote_tables/8_cands/north_lanarkshire_2022_ward4_votes_table.csv,data/scot-elex/08_cands/north_lanarkshire_2022_ward4.csv
north_lanarkshire_2022_ward5,2022,North Lanarkshire,Ward 5 - Stepps Chryston and Muirhead,3,7,data/scottish_vote_tables/7_cands/north_lanarkshire_2022_ward5_votes_table.csv,data/scot-elex/07_cands/north_lanarkshire_2022_ward5.csv
north_lanarkshire_2022_ward6,2022,North Lanarkshire,Ward 6 - Gartcosh Glenboig and Moodiesburn,3,6,data/scottish_vote_tables/6_cands/north_lanarkshire_2022_ward6_votes_table.csv,data/scot-elex/06_cands/north_lanarkshire_2022_ward6.csv
north_lanarkshire_2022_ward7,2022,North Lanarkshire,Ward 7 - Coatbridge North,4,9,data/scottish_vote_tables/9_cands/north_lanarkshire_2022_ward7_votes_table.csv,data/scot-elex/09_cands/north_lanarkshire_2022_ward7.csv
north_lanarkshire_2022_ward8,2022,North Lanarkshire,Ward 8 - Airdrie North,4,8,data/scottish_vote_tables/8_cands/north_lanarkshire_2022_ward8_votes_table.csv,data/scot-elex/08_cands/north_lanarkshire_2022_ward8.csv
north_lanarkshire_2022_ward9,2022,North Lanarkshire,Ward 9 - Airdrie Central,4,6,data/scottish_vote_tables/6_cands/north_lanarkshire_2022_ward9_votes_table.csv,data/scot-elex/06_cands/north_lanarkshire_2022_ward9.csv
north_lanarkshire_2022_ward10,2022,North Lanarkshire,Ward 10 - Coatbridge West,3,6,data/scottish_vote_tables/6_cands/north_lanarkshire_2022_ward10_votes_table.csv,data/scot-elex/06_cands/north_lanarkshire_2022_ward10.csv
north_lanarkshire_2022_ward11,2022,North Lanarkshire,Ward 11 - Coatbridge South,4,7,data/scottish_vote_tables/7_cands/north_lanarkshire_2022_ward11_votes_table.csv,data/scot-elex/07_cands/north_lanarkshire_2022_ward11.csv
north_lanarkshire_2022_ward12,2022,North Lanarkshire,Ward 12 - Airdrie South,4,5,data/scottish_vote_tables/5_cands/north_lanarkshire_2022_ward12_votes_table.csv,data/scot-elex/05_cands/north_lanarkshire_2022_ward12.csv
north_lanarkshire_2022_ward13,2022,North Lanarkshire,Ward 13 - Fortissat,4,7,data/scottish_vote_tables/7_cands/north_lanarkshire_2022_ward13_votes_table.csv,data/scot-elex/07_cands/north_lanarkshire_2022_ward13.csv
north_lanarkshire_2022_ward14,2022,North Lanarkshire,Ward 14 - Thorniewood,3,5,data/scottish_vote_tables/5_cands/north_lanarkshire_2022_ward14_votes_table.csv,data/scot-elex/05_cands/north_lanarkshire_2022_ward14.csv
north_lanarkshire_2022_ward15,2022,North Lanarkshire,Ward 15 - Bellshill,4,7,data/scottish_vote_tables/7_cands/north_lanarkshire_2022_ward15_votes_table.csv,data/scot-elex/07_cands/north_lanarkshire_2022_ward15.csv
north_lanarkshire_2022_ward16,2022,North Lanarkshire,Ward 16 - Mossend and Holytown,3,6,data/scottish_vote_tables/6_cands/north_lanarkshire_2022_ward16_votes_table.csv,data/scot-elex/06_cands/north_lanarkshire_2022_ward16.csv
north_lanarkshire_2022_ward17,2022,North Lanarkshire,Ward 17 - Motherwell West,3,6,data/scottish_vote_tables/6_cands/north_lanarkshire_2022_ward17_votes_table.csv,data/scot-elex/06_cands/north_lanarkshire_2022_ward17.csv
north_lanarkshire_2022_ward18,2022,North Lanarkshire,Ward 18 - Motherwell North,4,6,data/scottish_vote_tables/6_cands/north_lanarkshire_2022_ward18_votes_table.csv,data/scot-elex/06_cands/north_lanarkshire_2022_ward18.csv
north_lanarkshire_2022_ward19,2022,North Lanarkshire,Ward 19 - Motherwell South East and Ravenscraig,4,8,data/scottish_vote_tables/8_cands/north_lanarkshire_2022_ward19_votes_table.csv,data/scot-elex/08_cands/north_lanarkshire_2022_ward19.csv
north_lanarkshire_2022_ward20,2022,North Lanarkshire,Ward 20 - Murdostoun,4,7,data/scottish_vote_tables/7_cands/north_lanarkshire_2022_ward20_votes_table.csv,data/scot-elex/07_cands/north_lanarkshire_2022_ward20.csv
north_lanarkshire_2022_ward21,2022,North Lanarkshire,Ward 21 - Wishaw,4,5,data/scottish_vote_tables/5_cands/north_lanarkshire_2022_ward21_votes_table.csv,data/scot-elex/05_cands/north_lanarkshire_2022_ward21.csv
orkney_2022_ward1,2022,Orkney,Ward 1 - Kirkwall East Ward,4,5,data/scottish_vote_tables/5_cands/orkney_2022_ward1_votes_table.csv,data/scot-elex/05_cands/orkney_2022_ward1.csv
orkney_2022_ward2,2022,Orkney,Ward 2 - Kirkwall West and Orphir Ward,4,8,data/scottish_vote_tables/8_cands/orkney_2022_ward2_votes_table.csv,data/scot-elex/08_cands/orkney_2022_ward2.csv
orkney_2022_ward3,2022,Orkney,Ward 3 - Stromness and South Isles Ward,3,6,data/scottish_vote_tables/6_cands/orkney_2022_ward3_votes_table.csv,data/scot-elex/06_cands/orkney_2022_ward3.csv
orkney_2022_ward4,2022,Orkney,Ward 4 - West Mainland Ward,4,6,data/scottish_vote_tables/6_cands/orkney_2022_ward4_votes_table.csv,data/scot-elex/06_cands/orkney_2022_ward4.csv
orkney_2022_ward5,2022,Orkney,Ward 5 - East Mainland South Ronaldsay and Burray Ward,3,5,data/scottish_vote_tables/5_cands/orkney_2022_ward5_votes_table.csv,data/scot-elex/05_cands/orkney_2022_ward5.csv
orkney_2022_ward6,2022,Orkney,Ward 6 - North Isles Ward,3,5,data/scottish_vote_tables/5_cands/orkney_2022_ward6_votes_table.csv,data/scot-elex/05_cands/orkney_2022_ward6.csv
perth_kinross_2022_ward1,2022,Perth and Kinross,Ward 1 - Carse of Gowrie,3,8,data/scottish_vote_tables/8_cands/perth_kinross_2022_ward1_votes_table.csv,data/scot-elex/08_cands/perth_kinross_2022_ward1.csv
perth_kinross_2022_ward2,2022,Perth and Kinross,Ward 2 - Strathmore,4,7,data/scottish_vote_tables/7_cands/perth_kinross_2022_ward2_votes_table.csv,data/scot-elex/07_cands/perth_kinross_2022_ward2.csv
perth_kinross_2022_ward3,2022,Perth and Kinross,Ward 3 - Blairgowrie and Glens,3,9,data/scottish_vote_tables/9_cands/perth_kinross_2022_ward3_votes_table.csv,data/scot-elex/09_cands/perth_kinross_2022_ward3.csv
perth_kinross_2022_ward4,2022,Perth and Kinross,Ward 4 - Highland,3,8,data/scottish_vote_tables/8_cands/perth_kinross_2022_ward4_votes_table.csv,data/scot-elex/08_cands/perth_kinross_2022_ward4.csv
perth_kinross_2022_ward5,2022,Perth and Kinross,Ward 5 - Strathtay,3,5,data/scottish_vote_tables/5_cands/perth_kinross_2022_ward5_votes_table.csv,data/scot-elex/05_cands/perth_kinross_2022_ward5.csv
perth_kinross_2022_ward6,2022,Perth and Kinross,Ward 6 - Strathearn,3,6,data/scottish_vote_tables/6_cands/perth_kinross_2022_ward6_votes_table.csv,data/scot-elex/06_cands/perth_kinross_2022_ward6.csv
perth_kinross_2022_ward7,2022,Perth and Kinross,Ward 7 - Strathallan,3,6,data/scottish_vote_tables/6_cands/perth_kinross_2022_ward7_votes_table.csv,data/scot-elex/06_cands/perth_kinross_2022_ward7.csv
perth_kinross_2022_ward8,2022,Perth and Kinross,Ward 8 - Kinross-Shire,4,8,data/scottish_vote_tables/8_cands/perth_kinross_2022_ward8_votes_table.csv,data/scot-elex/08_cands/perth_kinross_2022_ward8.csv
perth_kinross_2022_ward9,2022,Perth and Kinross,Ward 9 - Almond and Earn,3,6,data/scottish_vote_tables/6_cands/perth_kinross_2022_ward9_votes_table.csv,data/scot-elex/06_cands/perth_kinross_2022_ward9.csv
perth_kinross_2022_ward10,2022,Perth and Kinross,Ward 10 - Perth City South,4,7,data/scottish_vote_tables/7_cands/perth_kinross_2022_ward10_votes_table.csv,data/scot-elex/07_cands/perth_kinross_2022_ward10.csv
perth_kinross_2022_ward11,2022,Perth and Kinross,Ward 11 - Perth City North,3,7,data/scottish_vote_tables/7_cands/perth_kinross_2022_ward11_votes_table.csv,data/scot-elex/07_cands/perth_kinross_2022_ward11.csv
perth_kinross_2022_ward12,2022,Perth and Kinross,Ward 12 - Perth City Centre,4,9,data/scottish_vote_tables/9_cands/perth_kinross_2022_ward12_votes_table.csv,data/scot-elex/09_cands/perth_kinross_2022_ward12.csv
renfrewshire_2022_ward2,2022,Renfrewshire,Ward 2 - Renfrew South and Gallowhill,3,5,data/scottish_vote_tables/5_cands/renfrewshire_2022_ward2_votes_table.csv,data/scot-elex/05_cands/renfrewshire_2022_ward2.csv
renfrewshire_2022_ward4,2022,Renfrewshire,Ward 4 - Paisley Northwest,4,11,data/scottish_vote_tables/11_cands/renfrewshire_2022_ward4_votes_table.csv,data/scot-elex/11_cands/renfrewshire_2022_ward4.csv
renfrewshire_2022_ward5,2022,Renfrewshire,Ward 5 - Paisley East and Central,3,7,data/scottish_vote_tables/7_cands/renfrewshire_2022_ward5_votes_table.csv,data/scot-elex/07_cands/renfrewshire_2022_ward5.csv
renfrewshire_2022_ward6,2022,Renfrewshire,Ward 6 - Paisley Southeast,3,9,data/scottish_vote_tables/9_cands/renfrewshire_2022_ward6_votes_table.csv,data/scot-elex/09_cands/renfrewshire_2022_ward6.csv
renfrewshire_2022_ward7,2022,Renfrewshire,Ward 7 - Paisley Southwest,4,7,data/scottish_vote_tables/7_cands/renfrewshire_2022_ward7_votes_table.csv,data/scot-elex/07_cands/renfrewshire_2022_ward7.csv
renfrewshire_2022_ward8,2022,Renfrewshire,Ward 8 - Johnstone South and Elderslie,4,6,data/scottish_vote_tables/6_cands/renfrewshire_2022_ward8_votes_table.csv,data/scot-elex/06_cands/renfrewshire_2022_ward8.csv
renfrewshire_2022_ward9,2022,Renfrewshire,Ward 9 - Johnstone North Kilbarchan Howwood and Lochwinnoch,4,8,data/scottish_vote_tables/8_cands/renfrewshire_2022_ward9_votes_table.csv,data/scot-elex/08_cands/renfrewshire_2022_ward9.csv
renfrewshire_2022_ward10,2022,Renfrewshire,Ward 10 - Houston Crosslee and Linwood,4,5,data/scottish_vote_tables/5_cands/renfrewshire_2022_ward10_votes_table.csv,data/scot-elex/05_cands/renfrewshire_2022_ward10.csv
renfrewshire_2022_ward11,2022,Renfrewshire,Ward 11 - Bishopton Bridge of Weir and Langbank,3,5,data/scottish_vote_tables/5_cands/renfrewshire_2022_ward11_votes_table.csv,data/scot-elex/05_cands/renfrewshire_2022_ward11.csv
renfrewshire_2022_ward12,2022,Renfrewshire,Ward 12 - Erskine and Inchinnan,4,6,data/scottish_vote_tables/6_cands/renfrewshire_2022_ward12_votes_table.csv,data/scot-elex/06_cands/renfrewshire_2022_ward12.csv
sc_borders_2022_ward1,2022,Scottish Borders,Ward 1 - Tweeddale West,3,6,data/scottish_vote_tables/6_cands/sc_borders_2022_ward1_votes_table.csv,data/scot-elex/06_cands/sc_borders_2022_ward1.csv
sc_borders_2022_ward2,2022,Scottish Borders,Ward 2 - Tweeddale East,3,7,data/scottish_vote_tables/7_cands/sc_borders_2022_ward2_votes_table.csv,data/scot-elex/07_cands/sc_borders_2022_ward2.csv
sc_borders_2022_ward3,2022,Scottish Borders,Ward 3 - Galashiels & District,4,9,data/scottish_vote_tables/9_cands/sc_borders_2022_ward3_votes_table.csv,data/scot-elex/09_cands/sc_borders_2022_ward3.csv
sc_borders_2022_ward4,2022,Scottish Borders,Ward 4 - Selkirkshire,3,6,data/scottish_vote_tables/6_cands/sc_borders_2022_ward4_votes_table.csv,data/scot-elex/06_cands/sc_borders_2022_ward4.csv
sc_borders_2022_ward5,2022,Scottish Borders,Ward 5 - Leaderdale & Melrose,3,7,data/scottish_vote_tables/7_cands/sc_borders_2022_ward5_votes_table.csv,data/scot-elex/07_cands/sc_borders_2022_ward5.csv
sc_borders_2022_ward6,2022,Scottish Borders,Ward 6 - Mid Berwickshire,3,7,data/scottish_vote_tables/7_cands/sc_borders_2022_ward6_votes_table.csv,data/scot-elex/07_cands/sc_borders_2022_ward6.csv
sc_borders_2022_ward7,2022,Scottish Borders,Ward 7 - East Berwickshire,3,8,data/scottish_vote_tables/8_cands/sc_borders_2022_ward7_votes_table.csv,data/scot-elex/08_cands/sc_borders_2022_ward7.csv
sc_borders_2022_ward8,2022,Scottish Borders,Ward 8 - Kelso & District,3,7,data/scottish_vote_tables/7_cands/sc_borders_2022_ward8_votes_table.csv,data/scot-elex/07_cands/sc_borders_2022_ward8.csv
sc_borders_2022_ward9,2022,Scottish Borders,Ward 9 - Jedburgh & District,3,7,data/scottish_vote_tables/7_cands/sc_borders_2022_ward9_votes_table.csv,data/scot-elex/07_cands/sc_borders_2022_ward9.csv
sc_borders_2022_ward10,2022,Scottish Borders,Ward 10 - Hawick & Denholm,3,6,data/scottish_vote_tables/6_cands/sc_borders_2022_ward10_votes_table.csv,data/scot-elex/06_cands/sc_borders_2022_ward10.csv
sc_borders_2022_ward11,2022,Scottish Borders,Ward 11 - Hawick & Hermitage,3,7,data/scottish_vote_tables/7_cands/sc_borders_2022_ward11_votes_table.csv,data/scot-elex/07_cands/sc_borders_2022_ward11.csv
shetland_2022_ward3,2022,Shetland,Ward 3 - Shetland West,2,8,data/scottish_vote_tables/8_cands/shetland_2022_ward3_votes_table.csv,data/scot-elex/08_cands/shetland_2022_ward3.csv
shetland_2022_ward4,2022,Shetland,Ward 4 - Shetland Central,4,6,data/scottish_vote_tables/6_cands/shetland_2022_ward4_votes_table.csv,data/scot-elex/06_cands/shetland_2022_ward4.csv
shetland_2022_ward5,2022,Shetland,Ward 5 - Lerwick North and Bressay,3,5,data/scottish_vote_tables/5_cands/shetland_2022_ward5_votes_table.csv,data/scot-elex/05_cands/shetland_2022_ward5.csv
shetland_2022_ward6,2022,Shetland,Ward 6 - Lerwick South,4,7,data/scottish_vote_tables/7_cands/shetland_2022_ward6_votes_table.csv,data/scot-elex/07_cands/shetland_2022_ward6.csv
shetland_2022_ward7,2022,Shetland,Ward 7 - Shetland South,4,5,data/scottish_vote_tables/5_cands/shetland_2022_ward7_votes_table.csv,data/scot-elex/05_cands/shetland_2022_ward7.csv
south_ayrshire_2022_ward1,2022,South Ayrshire,Ward 1 - Troon,4,8,data/scottish_vote_tables/8_cands/south_ayrshire_2022_ward1_votes_table.csv,data/scot-elex/08_cands/south_ayrshire_2022_ward1.csv
south_ayrshire_2022_ward2,2022,South Ayrshire,Ward 2 - Prestwick,4,8,data/scottish_vote_tables/8_cands/south_ayrshire_2022_ward2_votes_table.csv,data/scot-elex/08_cands/south_ayrshire_2022_ward2.csv
south_ayrshire_2022_ward3,2022,South Ayrshire,Ward 3 - Ayr North,4,8,data/scottish_vote_tables/8_cands/south_ayrshire_2022_ward3_votes_table.csv,data/scot-elex/08_cands/south_ayrshire_2022_ward3.csv
south_ayrshire_2022_ward4,2022,South Ayrshire,Ward 4 - Ayr East,3,9,data/scottish_vote_tables/9_cands/south_ayrshire_2022_ward4_votes_table.csv,data/scot-elex/09_cands/south_ayrshire_2022_ward4.csv
south_ayrshire_2022_ward5,2022,South Ayrshire,Ward 5 - Ayr West,4,9,data/scottish_vote_tables/9_cands/south_ayrshire_2022_ward5_votes_table.csv,data/scot-elex/09_cands/south_ayrshire_2022_ward5.csv
south_ayrshire_2022_ward6,2022,South Ayrshire,Ward 6 - Kyle,3,6,data/scottish_vote_tables/6_cands/south_ayrshire_2022_ward6_votes_table.csv,data/scot-elex/06_cands/south_ayrshire_2022_ward6.csv
south_ayrshire_2022_ward7,2022,South Ayrshire,Ward 7 - Maybole North Carrick and Coylton,3,6,data/scottish_vote_tables/6_cands/south_ayrshire_2022_ward7_votes_table.csv,data/scot-elex/06_cands/south_ayrshire_2022_ward7.csv
south_ayrshire_2022_ward8,2022,South Ayrshire,Ward 8 - Girvan and South Carrick,3,7,data/scottish_vote_tables/7_cands/south_ayrshire_2022_ward8_votes_table.csv,data/scot-elex/07_cands/south_ayrshire_2022_ward8.csv
south_lanarkshire_2022_ward1,2022,South Lanarkshire,Ward 1 - Clydesdale West,4,7,data/scottish_vote_tables/7_cands/south_lanarkshire_2022_ward1_votes_table.csv,data/scot-elex/07_cands/south_lanarkshire_2022_ward1.csv
south_lanarkshire_2022_ward2,2022,South Lanarkshire,Ward 2 - Clydesdale North,3,5,data/scottish_vote_tables/5_cands/south_lanarkshire_2022_ward2_votes_table.csv,data/scot-elex/05_cands/south_lanarkshire_2022_ward2.csv
south_lanarkshire_2022_ward3,2022,South Lanarkshire,Ward 3 - Clydesdale East,3,8,data/scottish_vote_tables/8_cands/south_lanarkshire_2022_ward3_votes_table.csv,data/scot-elex/08_cands/south_lanarkshire_2022_ward3.csv
south_lanarkshire_2022_ward4,2022,South Lanarkshire,Ward 4 - Clydesdale South,3,8,data/scottish_vote_tables/8_cands/south_lanarkshire_2022_ward4_votes_table.csv,data/scot-elex/08_cands/south_lanarkshire_2022_ward4.csv
south_lanarkshire_2022_ward5,2022,South Lanarkshire,Ward 5 - Avondale and Stonehouse,3,7,data/scottish_vote_tables/7_cands/south_lanarkshire_2022_ward5_votes_table.csv,data/scot-elex/07_cands/south_lanarkshire_2022_ward5.csv
south_lanarkshire_2022_ward6,2022,South Lanarkshire,Ward 6 - East Kilbride South,3,9,data/scottish_vote_tables/9_cands/south_lanarkshire_2022_ward6_votes_table.csv,data/scot-elex/09_cands/south_lanarkshire_2022_ward6.csv
south_lanarkshire_2022_ward7,2022,South Lanarkshire,Ward 7 - East Kilbride Central South,3,9,data/scottish_vote_tables/9_cands/south_lanarkshire_2022_ward7_votes_table.csv,data/scot-elex/09_cands/south_lanarkshire_2022_ward7.csv
south_lanarkshire_2022_ward8,2022,South Lanarkshire,Ward 8 - East Kilbride Central North,3,7,data/scottish_vote_tables/7_cands/south_lanarkshire_2022_ward8_votes_table.csv,data/scot-elex/07_cands/south_lanarkshire_2022_ward8.csv
south_lanarkshire_2022_ward9,2022,South Lanarkshire,Ward 9 - East Kilbride West,3,8,data/scottish_vote_tables/8_cands/south_lanarkshire_2022_ward9_votes_table.csv,data/scot-elex/08_cands/south_lanarkshire_2022_ward9.csv
south_lanarkshire_2022_ward10,2022,South Lanarkshire,Ward 10 - East Kilbride East,3,7,data/scottish_vote_tables/7_cands/south_lanarkshire_2022_ward10_votes_table.csv,data/scot-elex/07_cands/south_lanarkshire_2022_ward10.csv
south_lanarkshire_2022_ward11,2022,South Lanarkshire,Ward 11 - Rutherglen South,3,7,data/scottish_vote_tables/7_cands/south_lanarkshire_2022_ward11_votes_table.csv,data/scot-elex/07_cands/south_lanarkshire_2022_ward11.csv
south_lanarkshire_2022_ward12,2022,South Lanarkshire,Ward 12 - Rutherglen Central and North,3,7,data/scottish_vote_tables/7_cands/south_lanarkshire_2022_ward12_votes_table.csv,data/scot-elex/07_cands/south_lanarkshire_2022_ward12.csv
south_lanarkshire_2022_ward13,2022,South Lanarkshire,Ward 13 - Cambuslang West,3,6,data/scottish_vote_tables/6_cands/south_lanarkshire_2022_ward13_votes_table.csv,data/scot-elex/06_cands/south_lanarkshire_2022_ward13.csv
south_lanarkshire_2022_ward14,2022,South Lanarkshire,Ward 14 - Cambuslang East,3,8,data/scottish_vote_tables/8_cands/south_lanarkshire_2022_ward14_votes_table.csv,data/scot-elex/08_cands/south_lanarkshire_2022_ward14.csv
south_lanarkshire_2022_ward15,2022,South Lanarkshire,Ward 15 - Blantyre,3,7,data/scottish_vote_tables/7_cands/south_lanarkshire_2022_ward15_votes_table.csv,data/scot-elex/07_cands/south_lanarkshire_2022_ward15.csv
south_lanarkshire_2022_ward16,2022,South Lanarkshire,Ward 16 - Bothwell and Uddingston,3,6,data/scottish_vote_tables/6_cands/south_lanarkshire_2022_ward16_votes_table.csv,data/scot-elex/06_cands/south_lanarkshire_2022_ward16.csv
south_lanarkshire_2022_ward17,2022,South Lanarkshire,Ward 17 - Hamilton North and East,3,6,data/scottish_vote_tables/6_cands/south_lanarkshire_2022_ward17_votes_table.csv,data/scot-elex/06_cands/south_lanarkshire_2022_ward17.csv
south_lanarkshire_2022_ward18,2022,South Lanarkshire,Ward 18 - Hamilton West and Earnock,4,7,data/scottish_vote_tables/7_cands/south_lanarkshire_2022_ward18_votes_table.csv,data/scot-elex/07_cands/south_lanarkshire_2022_ward18.csv
south_lanarkshire_2022_ward19,2022,South Lanarkshire,Ward 19 - Hamilton South,4,5,data/scottish_vote_tables/5_cands/south_lanarkshire_2022_ward19_votes_table.csv,data/scot-elex/05_cands/south_lanarkshire_2022_ward19.csv
south_lanarkshire_2022_ward20,2022,South Lanarkshire,Ward 20 - Larkhall,4,9,data/scottish_vote_tables/9_cands/south_lanarkshire_2022_ward20_votes_table.csv,data/scot-elex/09_cands/south_lanarkshire_2022_ward20.csv
stirling_2022_ward1,2022,Stirling,Ward 1 - Trossachs and Teith,3,8,data/scottish_vote_tables/8_cands/stirling_2022_ward1_votes_table.csv,data/scot-elex/08_cands/stirling_2022_ward1.csv
stirling_2022_ward2,2022,Stirling,Ward 2 - Forth and Endrick,3,8,data/scottish_vote_tables/8_cands/stirling_2022_ward2_votes_table.csv,data/scot-elex/08_cands/stirling_2022_ward2.csv
stirling_2022_ward3,2022,Stirling,Ward 3 - Dunblane and Bridge of Allan,4,10,data/scottish_vote_tables/10_cands/stirling_2022_ward3_votes_table.csv,data/scot-elex/10_cands/stirling_2022_ward3.csv
stirling_2022_ward4,2022,Stirling,Ward 4 - Stirling North,4,7,data/scottish_vote_tables/7_cands/stirling_2022_ward4_votes_table.csv,data/scot-elex/07_cands/stirling_2022_ward4.csv
stirling_2022_ward5,2022,Stirling,Ward 5 - Stirling West,3,7,data/scottish_vote_tables/7_cands/stirling_2022_ward5_votes_table.csv,data/scot-elex/07_cands/stirling_2022_ward5.csv
stirling_2022_ward6,2022,Stirling,Ward 6 - Stirling East,3,8,data/scottish_vote_tables/8_cands/stirling_2022_ward6_votes_table.csv,data/scot-elex/08_cands/stirling_2022_ward6.csv
stirling_2022_ward7,2022,Stirling,Ward 7 - Bannockburn,3,8,data/scottish_vote_tables/8_cands/stirling_2022_ward7_votes_table.csv,data/scot-elex/08_cands/stirling_2022_ward7.csv
west_dunbartonshire_2022_ward1,2022,West Dunbartonshire,Ward 1 - Lomond,3,5,data/scottish_vote_tables/5_cands/west_dunbartonshire_2022_ward1_votes_table.csv,data/scot-elex/05_cands/west_dunbartonshire_2022_ward1.csv
west_dunbartonshire_2022_ward2,2022,West Dunbartonshire,Ward 2 - Leven,4,8,data/scottish_vote_tables/8_cands/west_dunbartonshire_2022_ward2_votes_table.csv,data/scot-elex/08_cands/west_dunbartonshire_2022_ward2.csv
west_dunbartonshire_2022_ward3,2022,West Dunbartonshire,Ward 3 - Dumbarton,4,9,data/scottish_vote_tables/9_cands/west_dunbartonshire_2022_ward3_votes_table.csv,data/scot-elex/09_cands/west_dunbartonshire_2022_ward3.csv
west_dunbartonshire_2022_ward4,2022,West Dunbartonshire,Ward 4 - Kilpatrick,3,5,data/scottish_vote_tables/5_cands/west_dunbartonshire_2022_ward4_votes_table.csv,data/scot-elex/05_cands/west_dunbartonshire_2022_ward4.csv
west_dunbartonshire_2022_ward5,2022,West Dunbartonshire,Ward 5 - Clydebank Central,4,5,data/scottish_vote_tables/5_cands/west_dunbartonshire_2022_ward5_votes_table.csv,data/scot-elex/05_cands/west_dunbartonshire_2022_ward5.csv
west_dunbartonshire_2022_ward6,2022,West Dunbartonshire,Ward 6 - Clydebank Waterfront,4,7,data/scottish_vote_tables/7_cands/west_dunbartonshire_2022_ward6_votes_table.csv,data/scot-elex/07_cands/west_dunbartonshire_2022_ward6.csv
west_lothian_2022_ward1,2022,West Lothian,Ward 1 - Linlithgow,3,6,data/scottish_vote_tables/6_cands/west_lothian_2022_ward1_votes_table.csv,data/scot-elex/06_cands/west_lothian_2022_ward1.csv
west_lothian_2022_ward2,2022,West Lothian,Ward 2 - Broxburn Uphall and Winchburgh,4,9,data/scottish_vote_tables/9_cands/west_lothian_2022_ward2_votes_table.csv,data/scot-elex/09_cands/west_lothian_2022_ward2.csv
west_lothian_2022_ward3,2022,West Lothian,Ward 3 - Livingston North,4,8,data/scottish_vote_tables/8_cands/west_lothian_2022_ward3_votes_table.csv,data/scot-elex/08_cands/west_lothian_2022_ward3.csv
west_lothian_2022_ward4,2022,West Lothian,Ward 4 - Livingston South,4,10,data/scottish_vote_tables/10_cands/west_lothian_2022_ward4_votes_table.csv,data/scot-elex/10_cands/west_lothian_2022_ward4.csv
west_lothian_2022_ward5,2022,West Lothian,Ward 5 - East Livingston and East Calder,4,10,data/scottish_vote_tables/10_cands/west_lothian_2022_ward5_votes_table.csv,data/scot-elex/10_cands/west_lothian_2022_ward5.csv
west_lothian_2022_ward6,2022,West Lothian,Ward 6 - Fauldhouse and the Breich Valley,3,8,data/scottish_vote_tables/8_cands/west_lothian_2022_ward6_votes_table.csv,data/scot-elex/08_cands/west_lothian_2022_ward6.csv
west_lothian_2022_ward7,2022,West Lothian,Ward 7 - Whitburn and Blackburn,4,7,data/scottish_vote_tables/7_cands/west_lothian_2022_ward7_votes_table.csv,data/scot-elex/07_cands/west_lothian_2022_ward7.csv
west_lothian_2022_ward8,2022,West Lothian,Ward 8 - Bathgate,4,8,data/scottish_vote_tables/8_cands/west_lothian_2022_ward8_votes_table.csv,data/scot-elex/08_cands/west_lothian_2022_ward8.csv
west_lothian_2022_ward9,2022,West Lothian,Ward 9 - Armadale and Blackridge,3,7,data/scottish_vote_tables/7_cands/west_lothian_2022_ward9_votes_table.csv,data/scot-elex/07_cands/west_lothian_2022_ward9.csv
aberdeen_2017_ward1,2017,Aberdeen,Dyce/Bucksburn/Danestone Ward,4,7,data/scottish_vote_tables/7_cands/aberdeen_2017_ward1_votes_table.csv,data/scot-elex/07_cands/aberdeen_2017_ward1.csv
aberdeen_2017_ward2,2017,Aberdeen,Bridge of Don Ward,4,9,data/scottish_vote_tables/9_cands/aberdeen_2017_ward2_votes_table.csv,data/scot-elex/09_cands/aberdeen_2017_ward2.csv
aberdeen_2017_ward3,2017,Aberdeen,Kingswells/Sheddocksley/Summerhill Ward,3,7,data/scottish_vote_tables/7_cands/aberdeen_2017_ward3_votes_table.csv,data/scot-elex/07_cands/aberdeen_2017_ward3.csv
aberdeen_2017_ward4,2017,Aberdeen,Northfield/Mastrick North Ward,3,8,data/scottish_vote_tables/8_cands/aberdeen_2017_ward4_votes_table.csv,data/scot-elex/08_cands/aberdeen_2017_ward4.csv
aberdeen_2017_ward5,2017,Aberdeen,Hilton/Woodside/Stockethill Ward,3,8,data/scottish_vote_tables/8_cands/aberdeen_2017_ward5_votes_table.csv,data/scot-elex/08_cands/aberdeen_2017_ward5.csv
aberdeen_2017_ward6,2017,Aberdeen,Tillydrone/Seaton/Old Aberdeen Ward,3,9,data/scottish_vote_tables/9_cands/aberdeen_2017_ward6_votes_table.csv,data/scot-elex/09_cands/aberdeen_2017_ward6.csv
aberdeen_2017_ward7,2017,Aberdeen,Midstocket/Rosemount Ward,3,8,data/scottish_vote_tables/8_cands/aberdeen_2017_ward7_votes_table.csv,data/scot-elex/08_cands/aberdeen_2017_ward7.csv
aberdeen_2017_ward8,2017,Aberdeen,George St/Harbour Ward,4,9,data/scottish_vote_tables/9_cands/aberdeen_2017_ward8_votes_table.csv,data/scot-elex/09_cands/aberdeen_2017_ward8.csv
aberdeen_2017_ward9,2017,Aberdeen,Lower Deeside Ward,3,8,data/scottish_vote_tables/8_cands/aberdeen_2017_ward9_votes_table.csv,data/scot-elex/08_cands/aberdeen_2017_ward9.csv
aberdeen_2017_ward10,2017,Aberdeen,Hazlehead/Queens Cross/Countesswells Ward,4,6,data/scottish_vote_tables/6_cands/aberdeen_2017_ward10_votes_table.csv,data/scot-elex/06_cands/aberdeen_2017_ward10.csv
aberdeen_2017_ward11,2017,Aberdeen,Airyhall/Broomhill/Garthdee Ward,3,4,data/scottish_vote_tables/4_cands/aberdeen_2017_ward11_votes_table.csv,data/scot-elex/04_cands/aberdeen_2017_ward11.csv
aberdeen_2017_ward12,2017,Aberdeen,Torry/Ferryhill Ward,4,10,data/scottish_vote_tables/10_cands/aberdeen_2017_ward12_votes_table.csv,data/scot-elex/10_cands/aberdeen_2017_ward12.csv
aberdeen_2017_ward13,2017,Aberdeen,Kincorth/Nigg/Cove Ward,4,8,data/scottish_vote_tables/8_cands/aberdeen_2017_ward13_votes_table.csv,data/scot-elex/08_cands/aberdeen_2017_ward13.csv
aberdeenshire_2017_ward1,2017,Aberdeenshire,Ward 1 - Banff and District,3,4,data/scottish_vote_tables/4_cands/aberdeenshire_2017_ward1_votes_table.csv,data/scot-elex/04_cands/aberdeenshire_2017_ward1.csv
aberdeenshire_2017_ward2,2017,Aberdeenshire,Ward 2 - Troup,3,6,data/scottish_vote_tables/6_cands/aberdeenshire_2017_ward2_votes_table.csv,data/scot-elex/06_cands/aberdeenshire_2017_ward2.csv
aberdeenshire_2017_ward3,2017,Aberdeenshire,Ward 3 - Fraserburgh and District,4,10,data/scottish_vote_tables/10_cands/aberdeenshire_2017_ward3_votes_table.csv,data/scot-elex/10_cands/aberdeenshire_2017_ward3.csv
aberdeenshire_2017_ward4,2017,Aberdeenshire,Ward 4 - Central Buchan,4,5,data/scottish_vote_tables/5_cands/aberdeenshire_2017_ward4_votes_table.csv,data/scot-elex/05_cands/aberdeenshire_2017_ward4.csv
aberdeenshire_2017_ward5,2017,Aberdeenshire,Ward 5 - Peterhead North and Rattray,4,6,data/scottish_vote_tables/6_cands/aberdeenshire_2017_ward5_votes_table.csv,data/scot-elex/06_cands/aberdeenshire_2017_ward5.csv
aberdeenshire_2017_ward6,2017,Aberdeenshire,Ward 6 - Peterhead South and Cruden,3,6,data/scottish_vote_tables/6_cands/aberdeenshire_2017_ward6_votes_table.csv,data/scot-elex/06_cands/aberdeenshire_2017_ward6.csv
aberdeenshire_2017_ward7,2017,Aberdeenshire,Ward 7 - Turriff and District,4,5,data/scottish_vote_tables/5_cands/aberdeenshire_2017_ward7_votes_table.csv,data/scot-elex/05_cands/aberdeenshire_2017_ward7.csv
aberdeenshire_2017_ward8,2017,Aberdeenshire,Ward 8 - Mid Formartine,4,7,data/scottish_vote_tables/7_cands/aberdeenshire_2017_ward8_votes_table.csv,data/scot-elex/07_cands/aberdeenshire_2017_ward8.csv
aberdeenshire_2017_ward9,2017,Aberdeenshire,Ward 9 - Ellon and District,4,5,data/scottish_vote_tables/5_cands/aberdeenshire_2017_ward9_votes_table.csv,data/scot-elex/05_cands/aberdeenshire_2017_ward9.csv
aberdeenshire_2017_ward10,2017,Aberdeenshire,Ward 10 - West Garioch,3,6,data/scottish_vote_tables/6_cands/aberdeenshire_2017_ward10_votes_table.csv,data/scot-elex/06_cands/aberdeenshire_2017_ward10.csv
aberdeenshire_2017_ward11,2017,Aberdeenshire,Ward 11 - Inverurie and District,4,6,data/scottish_vote_tables/6_cands/aberdeenshire_2017_ward11_votes_table.csv,data/scot-elex/06_cands/aberdeenshire_2017_ward11.csv
aberdeenshire_2017_ward12,2017,Aberdeenshire,Ward 12 - East Garioch,4,6,data/scottish_vote_tables/6_cands/aberdeenshire_2017_ward12_votes_table.csv,data/scot-elex/06_cands/aberdeenshire_2017_ward12.csv
aberdeenshire_2017_ward13,2017,Aberdeenshire,Ward 13 - Westhill and District,4,7,data/scottish_vote_tables/7_cands/aberdeenshire_2017_ward13_votes_table.csv,data/scot-elex/07_cands/aberdeenshire_2017_ward13.csv
aberdeenshire_2017_ward14,2017,Aberdeenshire,"Ward 14 - Huntly, Strathbogie and Howe of Alford",4,6,data/scottish_vote_tables/6_cands/aberdeenshire_2017_ward14_votes_table.csv,data/scot-elex/06_cands/aberdeenshire_2017_ward14.csv
aberdeenshire_2017_ward15,2017,Aberdeenshire,"Ward 15 - Aboyne, Upper Deeside and Donside",3,5,data/scottish_vote_tables/5_cands/aberdeenshire_2017_ward15_votes_table.csv,data/scot-elex/05_cands/aberdeenshire_2017_ward15.csv
aberdeenshire_2017_ward16,2017,Aberdeenshire,Ward 16 - Banchory and Mid Deeside,3,4,data/scottish_vote_tables/4_cands/aberdeenshire_2017_ward16_votes_table.csv,data/scot-elex/04_cands/aberdeenshire_2017_ward16.csv
aberdeenshire_2017_ward17,2017,Aberdeenshire,Ward 17 - North Kincardine,4,7,data/scottish_vote_tables/7_cands/aberdeenshire_2017_ward17_votes_table.csv,data/scot-elex/07_cands/aberdeenshire_2017_ward17.csv
aberdeenshire_2017_ward18,2017,Aberdeenshire,Ward 18 - Stonehaven and Lower Deeside,4,7,data/scottish_vote_tables/7_cands/aberdeenshire_2017_ward18_votes_table.csv,data/scot-elex/07_cands/aberdeenshire_2017_ward18.csv
aberdeenshire_2017_ward19,2017,Aberdeenshire,Ward 19 - Mearns,4,8,data/scottish_vote_tables/8_cands/aberdeenshire_2017_ward19_votes_table.csv,data/scot-elex/08_cands/aberdeenshire_2017_ward19.csv
angus_2017_ward1,2017,Angus,Kirriemuir and Dean,3,6,data/scottish_vote_tables/6_cands/angus_2017_ward1_votes_table.csv,data/scot-elex/06_cands/angus_2017_ward1.csv
angus_2017_ward2,2017,Angus,Brechin and Edzell,3,7,data/scottish_vote_tables/7_cands/angus_2017_ward2_votes_table.csv,data/scot-elex/07_cands/angus_2017_ward2.csv
angus_2017_ward3,2017,Angus,Forfar and District,4,8,data/scottish_vote_tables/8_cands/angus_2017_ward3_votes_table.csv,data/scot-elex/08_cands/angus_2017_ward3.csv
angus_2017_ward4,2017,Angus,Monifieth and Sidlaw,4,5,data/scottish_vote_tables/5_cands/angus_2017_ward4_votes_table.csv,data/scot-elex/05_cands/angus_2017_ward4.csv
angus_2017_ward5,2017,Angus,Carnoustie and District,3,7,data/scottish_vote_tables/7_cands/angus_2017_ward5_votes_table.csv,data/scot-elex/07_cands/angus_2017_ward5.csv
angus_2017_ward6,2017,Angus,"Arbroath West, Letham and Friockheim",4,5,data/scottish_vote_tables/5_cands/angus_2017_ward6_votes_table.csv,data/scot-elex/05_cands/angus_2017_ward6.csv
angus_2017_ward7,2017,Angus,Arbroath East and Lunan,3,8,data/scottish_vote_tables/8_cands/angus_2017_ward7_votes_table.csv,data/scot-elex/08_cands/angus_2017_ward7.csv
angus_2017_ward8,2017,Angus,Montrose and District,4,7,data/scottish_vote_tables/7_cands/angus_2017_ward8_votes_table.csv,data/scot-elex/07_cands/angus_2017_ward8.csv
argyll_bute_2017_ward2,2017,Argyll and Bute,Kintyre and the Islands,3,6,data/scottish_vote_tables/6_cands/argyll_bute_2017_ward2_votes_table.csv,data/scot-elex/06_cands/argyll_bute_2017_ward2.csv
argyll_bute_2017_ward3,2017,Argyll and Bute,Mid Argyll,3,7,data/scottish_vote_tables/7_cands/argyll_bute_2017_ward3_votes_table.csv,data/scot-elex/07_cands/argyll_bute_2017_ward3.csv
argyll_bute_2017_ward4,2017,Argyll and Bute,Oban South and the Isles,4,8,data/scottish_vote_tables/8_cands/argyll_bute_2017_ward4_votes_table.csv,data/scot-elex/08_cands/argyll_bute_2017_ward4.csv
argyll_bute_2017_ward5,2017,Argyll and Bute,Oban North and Lorn,4,10,data/scottish_vote_tables/10_cands/argyll_bute_2017_ward5_votes_table.csv,data/scot-elex/10_cands/argyll_bute_2017_ward5.csv
argyll_bute_2017_ward6,2017,Argyll and Bute,Cowal,3,6,data/scottish_vote_tables/6_cands/argyll_bute_2017_ward6_votes_table.csv,data/scot-elex/06_cands/argyll_bute_2017_ward6.csv
argyll_bute_2017_ward7,2017,Argyll and Bute,Dunoon,3,10,data/scottish_vote_tables/10_cands/argyll_bute_2017_ward7_votes_table.csv,data/scot-elex/10_cands/argyll_bute_2017_ward7.csv
argyll_bute_2017_ward8,2017,Argyll and Bute,Isle of Bute,3,7,data/scottish_vote_tables/7_cands/argyll_bute_2017_ward8_votes_table.csv,data/scot-elex/07_cands/argyll_bute_2017_ward8.csv
argyll_bute_2017_ward9,2017,Argyll and Bute,Lomond North,3,7,data/scottish_vote_tables/7_cands/argyll_bute_2017_ward9_votes_table.csv,data/scot-elex/07_cands/argyll_bute_2017_ward9.csv
argyll_bute_2017_ward10,2017,Argyll and Bute,Helensburgh Central,4,5,data/scottish_vote_tables/5_cands/argyll_bute_2017_ward10_votes_table.csv,data/scot-elex/05_cands/argyll_bute_2017_ward10.csv
argyll_bute_2017_ward11,2017,Argyll and Bute,Helensburgh and Lomond South,3,8,data/scottish_vote_tables/8_cands/argyll_bute_2017_ward11_votes_table.csv,data/scot-elex/08_cands/argyll_bute_2017_ward11.csv
clackmannanshire_2017_ward1,2017,Clackmannanshire,Ward 1 Clackmannanshire West,4,8,data/scottish_vote_tables/8_cands/clackmannanshire_2017_ward1_votes_table.csv,data/scot-elex/08_cands/clackmannanshire_2017_ward1.csv
clackmannanshire_2017_ward2,2017,Clackmannanshire,Ward 2 Clackmannanshire North,4,8,data/scottish_vote_tables/8_cands/clackmannanshire_2017_ward2_votes_table.csv,data/scot-elex/08_cands/clackmannanshire_2017_ward2.csv
clackmannanshire_2017_ward3,2017,Clackmannanshire,Ward 3 Clackmannanshire Central,3,6,data/scottish_vote_tables/6_cands/clackmannanshire_2017_ward3_votes_table.csv,data/scot-elex/06_cands/clackmannanshire_2017_ward3.csv
clackmannanshire_2017_ward4,2017,Clackmannanshire,Ward 4 Clackmannanshire South,4,7,data/scottish_vote_tables/7_cands/clackmannanshire_2017_ward4_votes_table.csv,data/scot-elex/07_cands/clackmannanshire_2017_ward4.csv
clackmannanshire_2017_ward5,2017,Clackmannanshire,Ward 5 Clackmannanshire East,3,6,data/scottish_vote_tables/6_cands/clackmannanshire_2017_ward5_votes_table.csv,data/scot-elex/06_cands/clackmannanshire_2017_ward5.csv
dumgal_2017_ward1,2017,Dumfries and Galloway,Stranraer and the Rhins,4,8,data/scottish_vote_tables/8_cands/dumgal_2017_ward1_votes_table.csv,data/scot-elex/08_cands/dumgal_2017_ward1.csv
dumgal_2017_ward2,2017,Dumfries and Galloway,Mid Galloway and Wigtown West,4,9,data/scottish_vote_tables/9_cands/dumgal_2017_ward2_votes_table.csv,data/scot-elex/09_cands/dumgal_2017_ward2.csv
dumgal_2017_ward3,2017,Dumfries and Galloway,Dee and Glenkens,3,9,data/scottish_vote_tables/9_cands/dumgal_2017_ward3_votes_table.csv,data/scot-elex/09_cands/dumgal_2017_ward3.csv
dumgal_2017_ward4,2017,Dumfries and Galloway,Castle Douglas and Crocketford,3,6,data/scottish_vote_tables/6_cands/dumgal_2017_ward4_votes_table.csv,data/scot-elex/06_cands/dumgal_2017_ward4.csv
dumgal_2017_ward5,2017,Dumfries and Galloway,Abbey,3,7,data/scottish_vote_tables/7_cands/dumgal_2017_ward5_votes_table.csv,data/scot-elex/07_cands/dumgal_2017_ward5.csv
dumgal_2017_ward6,2017,Dumfries and Galloway,North West Dumfries,4,7,data/scottish_vote_tables/7_cands/dumgal_2017_ward6_votes_table.csv,data/scot-elex/07_cands/dumgal_2017_ward6.csv
dumgal_2017_ward7,2017,Dumfries and Galloway,Mid and Upper Nithsdale,3,5,data/scottish_vote_tables/5_cands/dumgal_2017_ward7_votes_table.csv,data/scot-elex/05_cands/dumgal_2017_ward7.csv
dumgal_2017_ward8,2017,Dumfries and Galloway,Lochar,4,9,data/scottish_vote_tables/9_cands/dumgal_2017_ward8_votes_table.csv,data/scot-elex/09_cands/dumgal_2017_ward8.csv
dumgal_2017_ward9,2017,Dumfries and Galloway,Nith,4,10,data/scottish_vote_tables/10_cands/dumgal_2017_ward9_votes_table.csv,data/scot-elex/10_cands/dumgal_2017_ward9.csv
dumgal_2017_ward10,2017,Dumfries and Galloway,Annandale South,4,7,data/scottish_vote_tables/7_cands/dumgal_2017_ward10_votes_table.csv,data/scot-elex/07_cands/dumgal_2017_ward10.csv
dumgal_2017_ward11,2017,Dumfries and Galloway,Annandale North,4,5,data/scottish_vote_tables/5_cands/dumgal_2017_ward11_votes_table.csv,data/scot-elex/05_cands/dumgal_2017_ward11.csv
dumgal_2017_ward12,2017,Dumfries and Galloway,Annandale East and Eskdale,3,6,data/scottish_vote_tables/6_cands/dumgal_2017_ward12_votes_table.csv,data/scot-elex/06_cands/dumgal_2017_ward12.csv
dundee_2017_ward1,2017,Dundee,Strathmartine,4,7,data/scottish_vote_tables/7_cands/dundee_2017_ward1_votes_table.csv,data/scot-elex/07_cands/dundee_2017_ward1.csv
dundee_2017_ward2,2017,Dundee,Lochee,4,10,data/scottish_vote_tables/10_cands/dundee_2017_ward2_votes_table.csv,data/scot-elex/10_cands/dundee_2017_ward2.csv
dundee_2017_ward3,2017,Dundee,West End,4,9,data/scottish_vote_tables/9_cands/dundee_2017_ward3_votes_table.csv,data/scot-elex/09_cands/dundee_2017_ward3.csv
dundee_2017_ward4,2017,Dundee,Coldside,4,10,data/scottish_vote_tables/10_cands/dundee_2017_ward4_votes_table.csv,data/scot-elex/10_cands/dundee_2017_ward4.csv
dundee_2017_ward5,2017,Dundee,Maryfield,3,7,data/scottish_vote_tables/7_cands/dundee_2017_ward5_votes_table.csv,data/scot-elex/07_cands/dundee_2017_ward5.csv
dundee_2017_ward6,2017,Dundee,North East,3,8,data/scottish_vote_tables/8_cands/dundee_2017_ward6_votes_table.csv,data/scot-elex/08_cands/dundee_2017_ward6.csv
dundee_2017_ward7,2017,Dundee,East End,3,9,data/scottish_vote_tables/9_cands/dundee_2017_ward7_votes_table.csv,data/scot-elex/09_cands/dundee_2017_ward7.csv
dundee_2017_ward8,2017,Dundee,The Ferry,4,9,data/scottish_vote_tables/9_cands/dundee_2017_ward8_votes_table.csv,data/scot-elex/09_cands/dundee_2017_ward8.csv
east_ayrshire_2017_ward1,2017,East Ayrshire,Annick,4,8,data/scottish_vote_tables/8_cands/east_ayrshire_2017_ward1_votes_table.csv,data/scot-elex/08_cands/east_ayrshire_2017_ward1.csv
east_ayrshire_2017_ward2,2017,East Ayrshire,Kilmarnock North,3,5,data/scottish_vote_tables/5_cands/east_ayrshire_2017_ward2_votes_table.csv,data/scot-elex/05_cands/east_ayrshire_2017_ward2.csv
east_ayrshire_2017_ward3,2017,East Ayrshire,Kilmarnock West and Crosshouse,4,6,data/scottish_vote_tables/6_cands/east_ayrshire_2017_ward3_votes_table.csv,data/scot-elex/06_cands/east_ayrshire_2017_ward3.csv
east_ayrshire_2017_ward4,2017,East Ayrshire,Kilmarnock East and Hurlford,4,7,data/scottish_vote_tables/7_cands/east_ayrshire_2017_ward4_votes_table.csv,data/scot-elex/07_cands/east_ayrshire_2017_ward4.csv
east_ayrshire_2017_ward5,2017,East Ayrshire,Kilmarnock South,3,5,data/scottish_vote_tables/5_cands/east_ayrshire_2017_ward5_votes_table.csv,data/scot-elex/05_cands/east_ayrshire_2017_ward5.csv
east_ayrshire_2017_ward6,2017,East Ayrshire,Irvine Valley,3,8,data/scottish_vote_tables/8_cands/east_ayrshire_2017_ward6_votes_table.csv,data/scot-elex/08_cands/east_ayrshire_2017_ward6.csv
east_ayrshire_2017_ward7,2017,East Ayrshire,Ballochmyle,4,7,data/scottish_vote_tables/7_cands/east_ayrshire_2017_ward7_votes_table.csv,data/scot-elex/07_cands/east_ayrshire_2017_ward7.csv
east_ayrshire_2017_ward8,2017,East Ayrshire,Cumnock and New Cumnock,4,8,data/scottish_vote_tables/8_cands/east_ayrshire_2017_ward8_votes_table.csv,data/scot-elex/08_cands/east_ayrshire_2017_ward8.csv
east_ayrshire_2017_ward9,2017,East Ayrshire,Doon Valley,3,9,data/scottish_vote_tables/9_cands/east_ayrshire_2017_ward9_votes_table.csv,data/scot-elex/09_cands/east_ayrshire_2017_ward9.csv
east_dunbartonshire_2017_ward1,2017,East Dunbartonshire,Milngavie,3,6,data/scottish_vote_tables/6_cands/east_dunbartonshire_2017_ward1_votes_table.csv,data/scot-elex/06_cands/east_dunbartonshire_2017_ward1.csv
east_dunbartonshire_2017_ward2,2017,East Dunbartonshire,Bearsden North,3,6,data/scottish_vote_tables/6_cands/east_dunbartonshire_2017_ward2_votes_table.csv,data/scot-elex/06_cands/east_dunbartonshire_2017_ward2.csv
east_dunbartonshire_2017_ward3,2017,East Dunbartonshire,Bearsden South,3,6,data/scottish_vote_tables/6_cands/east_dunbartonshire_2017_ward3_votes_table.csv,data/scot-elex/06_cands/east_dunbartonshire_2017_ward3.csv
east_dunbartonshire_2017_ward4,2017,East Dunbartonshire,Bishopbriggs North and Campsie,4,7,data/scottish_vote_tables/7_cands/east_dunbartonshire_2017_ward4_votes_table.csv,data/scot-elex/07_cands/east_dunbartonshire_2017_ward4.csv
east_dunbartonshire_2017_ward5,2017,East Dunbartonshire,Bishopbriggs South,3,6,data/scottish_vote_tables/6_cands/east_dunbartonshire_2017_ward5_votes_table.csv,data/scot-elex/06_cands/east_dunbartonshire_2017_ward5.csv
east_dunbartonshire_2017_ward6,2017,East Dunbartonshire,Lenzie and Kirkintilloch South,3,8,data/scottish_vote_tables/8_cands/east_dunbartonshire_2017_ward6_votes_table.csv,data/scot-elex/08_cands/east_dunbartonshire_2017_ward6.csv
east_dunbartonshire_2017_ward7,2017,East Dunbartonshire,Kirkintilloch East and North and Twechar,3,7,data/scottish_vote_tables/7_cands/east_dunbartonshire_2017_ward7_votes_table.csv,data/scot-elex/07_cands/east_dunbartonshire_2017_ward7.csv
east_lothian_2017_ward1,2017,East Lothian,Musselburgh,4,9,data/scottish_vote_tables/9_cands/east_lothian_2017_ward1_votes_table.csv,data/scot-elex/09_cands/east_lothian_2017_ward1.csv
east_lothian_2017_ward2,2017,East Lothian,"Preston, Seton and Gosford",4,8,data/scottish_vote_tables/8_cands/east_lothian_2017_ward2_votes_table.csv,data/scot-elex/08_cands/east_lothian_2017_ward2.csv
east_lothian_2017_ward3,2017,East Lothian,"Tranent, Wallyford and Macmerry",4,8,data/scottish_vote_tables/8_cands/east_lothian_2017_ward3_votes_table.csv,data/scot-elex/08_cands/east_lothian_2017_ward3.csv
east_lothian_2017_ward4,2017,East Lothian,North Berwick Coastal,3,6,data/scottish_vote_tables/6_cands/east_lothian_2017_ward4_votes_table.csv,data/scot-elex/06_cands/east_lothian_2017_ward4.csv
east_lothian_2017_ward5,2017,East Lothian,Haddington and Lammermuir,4,7,data/scottish_vote_tables/7_cands/east_lothian_2017_ward5_votes_table.csv,data/scot-elex/07_cands/east_lothian_2017_ward5.csv
east_lothian_2017_ward6,2017,East Lothian,Dunbar and East Linton,3,6,data/scottish_vote_tables/6_cands/east_lothian_2017_ward6_votes_table.csv,data/scot-elex/06_cands/east_lothian_2017_ward6.csv
east_renfrewshire_2017_ward1,2017,East Renfrewshire,"Barrhead, Liboside and Uplawmoor",4,8,data/scottish_vote_tables/8_cands/east_renfrewshire_2017_ward1_votes_table.csv,data/scot-elex/08_cands/east_renfrewshire_2017_ward1.csv
east_renfrewshire_2017_ward2,2017,East Renfrewshire,Newton Mearns North and Neilston,3,9,data/scottish_vote_tables/9_cands/east_renfrewshire_2017_ward2_votes_table.csv,data/scot-elex/09_cands/east_renfrewshire_2017_ward2.csv
east_renfrewshire_2017_ward3,2017,East Renfrewshire,Giffnock and Thornliebank,3,9,data/scottish_vote_tables/9_cands/east_renfrewshire_2017_ward3_votes_table.csv,data/scot-elex/09_cands/east_renfrewshire_2017_ward3.csv
east_renfrewshire_2017_ward4,2017,East Renfrewshire,"Clarkston, Netherlee and Williamwood",4,11,data/scottish_vote_tables/11_cands/east_renfrewshire_2017_ward4_votes_table.csv,data/scot-elex/11_cands/east_renfrewshire_2017_ward4.csv
east_renfrewshire_2017_ward5,2017,East Renfrewshire,Newton Mearns South and Eaglesham,4,8,data/scottish_vote_tables/8_cands/east_renfrewshire_2017_ward5_votes_table.csv,data/scot-elex/08_cands/east_renfrewshire_2017_ward5.csv
edinburgh_2017_ward1,2017,City of Edinburgh,Ward 1 - Almond,4,10,data/scottish_vote_tables/10_cands/edinburgh_2017_ward1_votes_table.csv,data/scot-elex/10_cands/edinburgh_2017_ward1.csv
edinburgh_2017_ward2,2017,City of Edinburgh,Ward 2 - Pentland Hills,4,7,data/scottish_vote_tables/7_cands/edinburgh_2017_ward2_votes_table.csv,data/scot-elex/07_cands/edinburgh_2017_ward2.csv
edinburgh_2017_ward3,2017,City of Edinburgh,Ward 3 - Drum Brae/Gyle,3,5,data/scottish_vote_tables/5_cands/edinburgh_2017_ward3_votes_table.csv,data/scot-elex/05_cands/edinburgh_2017_ward3.csv
edinburgh_2017_ward4,2017,City of Edinburgh,Ward 4 - Forth,4,8,data/scottish_vote_tables/8_cands/edinburgh_2017_ward4_votes_table.csv,data/scot-elex/08_cands/edinburgh_2017_ward4.csv
edinburgh_2017_ward5,2017,City of Edinburgh,Ward 5 - Inverleith,4,8,data/scottish_vote_tables/8_cands/edinburgh_2017_ward5_votes_table.csv,data/scot-elex/08_cands/edinburgh_2017_ward5.csv
edinburgh_2017_ward6,2017,City of Edinburgh,Ward 6 - Corstorphine/Murrayfield,3,7,data/scottish_vote_tables/7_cands/edinburgh_2017_ward6_votes_table.csv,data/scot-elex/07_cands/edinburgh_2017_ward6.csv
edinburgh_2017_ward7,2017,City of Edinburgh,Ward 7 - Sighthill/Gorgie,4,9,data/scottish_vote_tables/9_cands/edinburgh_2017_ward7_votes_table.csv,data/scot-elex/09_cands/edinburgh_2017_ward7.csv
edinburgh_2017_ward8,2017,City of Edinburgh,Ward 8 - Colinton/Fairmilehead,3,6,data/scottish_vote_tables/6_cands/edinburgh_2017_ward8_votes_table.csv,data/scot-elex/06_cands/edinburgh_2017_ward8.csv
edinburgh_2017_ward9,2017,City of Edinburgh,Ward 9 - Fountainbridge/Craiglockhart,3,6,data/scottish_vote_tables/6_cands/edinburgh_2017_ward9_votes_table.csv,data/scot-elex/06_cands/edinburgh_2017_ward9.csv
edinburgh_2017_ward10,2017,City of Edinburgh,Ward 10 - Morningside,4,6,data/scottish_vote_tables/6_cands/edinburgh_2017_ward10_votes_table.csv,data/scot-elex/06_cands/edinburgh_2017_ward10.csv
edinburgh_2017_ward11,2017,City of Edinburgh,Ward 11 - City Centre,4,6,data/scottish_vote_tables/6_cands/edinburgh_2017_ward11_votes_table.csv,data/scot-elex/06_cands/edinburgh_2017_ward11.csv
edinburgh_2017_ward12,2017,City of Edinburgh,Ward 12 - Leith Walk,4,10,data/scottish_vote_tables/10_cands/edinburgh_2017_ward12_votes_table.csv,data/scot-elex/10_cands/edinburgh_2017_ward12.csv
edinburgh_2017_ward13,2017,City of Edinburgh,Ward 13 - Leith,3,5,data/scottish_vote_tables/5_cands/edinburgh_2017_ward13_votes_table.csv,data/scot-elex/05_cands/edinburgh_2017_ward13.csv
edinburgh_2017_ward14,2017,City of Edinburgh,Ward 14 - Craigentinny-Duddingston,4,8,data/scottish_vote_tables/8_cands/edinburgh_2017_ward14_votes_table.csv,data/scot-elex/08_cands/edinburgh_2017_ward14.csv
edinburgh_2017_ward15,2017,City of Edinburgh,Ward 15 - Southside-Newington,4,5,data/scottish_vote_tables/5_cands/edinburgh_2017_ward15_votes_table.csv,data/scot-elex/05_cands/edinburgh_2017_ward15.csv
edinburgh_2017_ward16,2017,City of Edinburgh,Ward 16 - Liberton-Gilmerton,4,7,data/scottish_vote_tables/7_cands/edinburgh_2017_ward16_votes_table.csv,data/scot-elex/07_cands/edinburgh_2017_ward16.csv
edinburgh_2017_ward17,2017,City of Edinburgh,Ward 17 - Portobello-Craigmillar,4,7,data/scottish_vote_tables/7_cands/edinburgh_2017_ward17_votes_table.csv,data/scot-elex/07_cands/edinburgh_2017_ward17.csv
eilean_siar_2017_ward1,2017,Na h-Eileanan Siar,"Barraigh, Bhatarsaigh, Eirisgeigh agus Uibhist a Deas",4,8,data/scottish_vote_tables/8_cands/eilean_siar_2017_ward1_votes_table.csv,data/scot-elex/08_cands/eilean_siar_2017_ward1.csv
eilean_siar_2017_ward2,2017,Na h-Eileanan Siar,Beinn na Foghla agus Uibhist a Tuath,3,8,data/scottish_vote_tables/8_cands/eilean_siar_2017_ward2_votes_table.csv,data/scot-elex/08_cands/eilean_siar_2017_ward2.csv
eilean_siar_2017_ward3,2017,Na h-Eileanan Siar,Na Hearadh agus Ceann a Deas nan Loch,3,9,data/scottish_vote_tables/9_cands/eilean_siar_2017_ward3_votes_table.csv,data/scot-elex/09_cands/eilean_siar_2017_ward3.csv
eilean_siar_2017_ward4,2017,Na h-Eileanan Siar,Sgir' Uige agus Ceann a Tuath nan Loch,3,4,data/scottish_vote_tables/4_cands/eilean_siar_2017_ward4_votes_table.csv,data/scot-elex/04_cands/eilean_siar_2017_ward4.csv
eilean_siar_2017_ward5,2017,Na h-Eileanan Siar,Sgire an Rubha,3,6,data/scottish_vote_tables/6_cands/eilean_siar_2017_ward5_votes_table.csv,data/scot-elex/06_cands/eilean_siar_2017_ward5.csv
eilean_siar_2017_ward6,2017,Na h-Eileanan Siar,Steornabhagh a Deas,4,8,data/scottish_vote_tables/8_cands/eilean_siar_2017_ward6_votes_table.csv,data/scot-elex/08_cands/eilean_siar_2017_ward6.csv
eilean_siar_2017_ward7,2017,Na h-Eileanan Siar,Steòrnabhagh a Tuath,4,5,data/scottish_vote_tables/5_cands/eilean_siar_2017_ward7_votes_table.csv,data/scot-elex/05_cands/eilean_siar_2017_ward7.csv
eilean_siar_2017_ward8,2017,Na h-Eileanan Siar,Loch a Tuath,3,6,data/scottish_vote_tables/6_cands/eilean_siar_2017_ward8_votes_table.csv,data/scot-elex/06_cands/eilean_siar_2017_ward8.csv
eilean_siar_2017_ward9,2017,Na h-Eileanan Siar,An Taobh Siar agus Nis,4,6,data/scottish_vote_tables/6_cands/eilean_siar_2017_ward9_votes_table.csv,data/scot-elex/06_cands/eilean_siar_2017_ward9.csv
falkirk_2017_ward1,2017,Falkirk,Ward 1 - Bo'ness and Blackness,3,6,data/scottish_vote_tables/6_cands/falkirk_2017_ward1_votes_table.csv,data/scot-elex/06_cands/falkirk_2017_ward1.csv
falkirk_2017_ward2,2017,Falkirk,Ward 2 - Grangemouth,3,6,data/scottish_vote_tables/6_cands/falkirk_2017_ward2_votes_table.csv,data/scot-elex/06_cands/falkirk_2017_ward2.csv
falkirk_2017_ward3,2017,Falkirk,Ward 3 - Denny and Banknock,4,10,data/scottish_vote_tables/10_cands/falkirk_2017_ward3_votes_table.csv,data/scot-elex/10_cands/falkirk_2017_ward3.csv
falkirk_2017_ward4,2017,Falkirk,"Ward 4 - Carse, Kinnaird and Tryst",4,7,data/scottish_vote_tables/7_cands/falkirk_2017_ward4_votes_table.csv,data/scot-elex/07_cands/falkirk_2017_ward4.csv
falkirk_2017_ward5,2017,Falkirk,Ward 5 - Bonnybridge and Larbert,3,6,data/scottish_vote_tables/6_cands/falkirk_2017_ward5_votes_table.csv,data/scot-elex/06_cands/falkirk_2017_ward5.csv
falkirk_2017_ward6,2017,Falkirk,Ward 6 - Falkirk North,4,6,data/scottish_vote_tables/6_cands/falkirk_2017_ward6_votes_table.csv,data/scot-elex/06_cands/falkirk_2017_ward6.csv
falkirk_2017_ward7,2017,Falkirk,Ward 7 - Falkirk South,3,4,data/scottish_vote_tables/4_cands/falkirk_2017_ward7_votes_table.csv,data/scot-elex/04_cands/falkirk_2017_ward7.csv
falkirk_2017_ward8,2017,Falkirk,Ward 8 - Lower Braes,3,8,data/scottish_vote_tables/8_cands/falkirk_2017_ward8_votes_table.csv,data/scot-elex/08_cands/falkirk_2017_ward8.csv
falkirk_2017_ward9,2017,Falkirk,Ward 9 - Upper Braes,3,7,data/scottish_vote_tables/7_cands/falkirk_2017_ward9_votes_table.csv,data/scot-elex/07_cands/falkirk_2017_ward9.csv
fife_2017_ward1,2017,Fife,Ward 1 - West Fife & Coastal Villages,3,8,data/scottish_vote_tables/8_cands/fife_2017_ward1_votes_table.csv,data/scot-elex/08_cands/fife_2017_ward1.csv
fife_2017_ward2,2017,Fife,Ward 2 - Dunfermline North,3,7,data/scottish_vote_tables/7_cands/fife_2017_ward2_votes_table.csv,data/scot-elex/07_cands/fife_2017_ward2.csv
fife_2017_ward3,2017,Fife,Ward 3 - Dunfermline Central,4,9,data/scottish_vote_tables/9_cands/fife_2017_ward3_votes_table.csv,data/scot-elex/09_cands/fife_2017_ward3.csv
fife_2017_ward4,2017,Fife,Ward 4 - Dunfermline South,4,7,data/scottish_vote_tables/7_cands/fife_2017_ward4_votes_table.csv,data/scot-elex/07_cands/fife_2017_ward4.csv
fife_2017_ward5,2017,Fife,Ward 5 - Rosyth,3,9,data/scottish_vote_tables/9_cands/fife_2017_ward5_votes_table.csv,data/scot-elex/09_cands/fife_2017_ward5.csv
fife_2017_ward6,2017,Fife,Ward 6 - Inverkeithing & Dalgety Bay,4,7,data/scottish_vote_tables/7_cands/fife_2017_ward6_votes_table.csv,data/scot-elex/07_cands/fife_2017_ward6.csv
fife_2017_ward7,2017,Fife,Ward 7 - Cowdenbeath,4,7,data/scottish_vote_tables/7_cands/fife_2017_ward7_votes_table.csv,data/scot-elex/07_cands/fife_2017_ward7.csv
fife_2017_ward8,2017,Fife,"Ward 8 - Lochgelly, Cardenden & Benarty",4,7,data/scottish_vote_tables/7_cands/fife_2017_ward8_votes_table.csv,data/scot-elex/07_cands/fife_2017_ward8.csv
fife_2017_ward9,2017,Fife,"Ward 9 - Burntisland, Kinghorn & Western Kirkcaldy",3,10,data/scottish_vote_tables/10_cands/fife_2017_ward9_votes_table.csv,data/scot-elex/10_cands/fife_2017_ward9.csv
fife_2017_ward10,2017,Fife,Ward 10 - Kirkcaldy North,3,7,data/scottish_vote_tables/7_cands/fife_2017_ward10_votes_table.csv,data/scot-elex/07_cands/fife_2017_ward10.csv
fife_2017_ward11,2017,Fife,Ward 11 - Kirkcaldy Central,3,9,data/scottish_vote_tables/9_cands/fife_2017_ward11_votes_table.csv,data/scot-elex/09_cands/fife_2017_ward11.csv
fife_2017_ward12,2017,Fife,Ward 12 - Kirkcaldy East,3,9,data/scottish_vote_tables/9_cands/fife_2017_ward12_votes_table.csv,data/scot-elex/09_cands/fife_2017_ward12.csv
fife_2017_ward13,2017,Fife,Ward 13 - Glenrothes West & Kinglassie,3,8,data/scottish_vote_tables/8_cands/fife_2017_ward13_votes_table.csv,data/scot-elex/08_cands/fife_2017_ward13.csv
fife_2017_ward14,2017,Fife,"Ward 14 - Glenrothes North, Leslie & Markinch",4,9,data/scottish_vote_tables/9_cands/fife_2017_ward14_votes_table.csv,data/scot-elex/09_cands/fife_2017_ward14.csv
fife_2017_ward15,2017,Fife,Ward 15 - Glenrothes Central & Thornton,3,10,data/scottish_vote_tables/10_cands/fife_2017_ward15_votes_table.csv,data/scot-elex/10_cands/fife_2017_ward15.csv
fife_2017_ward16,2017,Fife,Ward 16 - Howe Of Fife & Tay Coast,3,7,data/scottish_vote_tables/7_cands/fife_2017_ward16_votes_table.csv,data/scot-elex/07_cands/fife_2017_ward16.csv
fife_2017_ward17,2017,Fife,Ward 17 - Tay Bridgehead,3,7,data/scottish_vote_tables/7_cands/fife_2017_ward17_votes_table.csv,data/scot-elex/07_cands/fife_2017_ward17.csv
fife_2017_ward18,2017,Fife,Ward 18 - St Andrews,4,10,data/scottish_vote_tables/10_cands/fife_2017_ward18_votes_table.csv,data/scot-elex/10_cands/fife_2017_ward18.csv
fife_2017_ward19,2017,Fife,Ward 19 - East Neuk & Landward,3,7,data/scottish_vote_tables/7_cands/fife_2017_ward19_votes_table.csv,data/scot-elex/07_cands/fife_2017_ward19.csv
fife_2017_ward20,2017,Fife,Ward 20 - Cupar,3,6,data/scottish_vote_tables/6_cands/fife_2017_ward20_votes_table.csv,data/scot-elex/06_cands/fife_2017_ward20.csv
fife_2017_ward21,2017,Fife,"Ward 21 - Leven, Kennoway & Largo",4,8,data/scottish_vote_tables/8_cands/fife_2017_ward21_votes_table.csv,data/scot-elex/08_cands/fife_2017_ward21.csv
fife_2017_ward22,2017,Fife,"Ward 22 - Buckhaven, Methil & Wemyss Villages",4,10,data/scottish_vote_tables/10_cands/fife_2017_ward22_votes_table.csv,data/scot-elex/10_cands/fife_2017_ward22.csv
glasgow_2017_ward1,2017,Glasgow,Ward 1 Linn,4,12,data/scottish_vote_tables/12_cands/glasgow_2017_ward1_votes_table.csv,data/scot-elex/12_cands/glasgow_2017_ward1.csv
glasgow_2017_ward2,2017,Glasgow,Ward 2 Newlands/Auldburn,3,7,data/scottish_vote_tables/7_cands/glasgow_2017_ward2_votes_table.csv,data/scot-elex/07_cands/glasgow_2017_ward2.csv
glasgow_2017_ward3,2017,Glasgow,Ward 3 Greater Pollok,4,10,data/scottish_vote_tables/10_cands/glasgow_2017_ward3_votes_table.csv,data/scot-elex/10_cands/glasgow_2017_ward3.csv
glasgow_2017_ward4,2017,Glasgow,Ward 4 Cardonald,4,10,data/scottish_vote_tables/10_cands/glasgow_2017_ward4_votes_table.csv,data/scot-elex/10_cands/glasgow_2017_ward4.csv
glasgow_2017_ward5,2017,Glasgow,Ward 5 Govan,4,10,data/scottish_vote_tables/10_cands/glasgow_2017_ward5_votes_table.csv,data/scot-elex/10_cands/glasgow_2017_ward5.csv
glasgow_2017_ward6,2017,Glasgow,Ward 6 Pollokshields,4,8,data/scottish_vote_tables/8_cands/glasgow_2017_ward6_votes_table.csv,data/scot-elex/08_cands/glasgow_2017_ward6.csv
glasgow_2017_ward7,2017,Glasgow,Ward 7 Langside,4,9,data/scottish_vote_tables/9_cands/glasgow_2017_ward7_votes_table.csv,data/scot-elex/09_cands/glasgow_2017_ward7.csv
glasgow_2017_ward8,2017,Glasgow,Ward 8 Southside Central,4,10,data/scottish_vote_tables/10_cands/glasgow_2017_ward8_votes_table.csv,data/scot-elex/10_cands/glasgow_2017_ward8.csv
glasgow_2017_ward9,2017,Glasgow,Ward 9 Calton,4,9,data/scottish_vote_tables/9_cands/glasgow_2017_ward9_votes_table.csv,data/scot-elex/09_cands/glasgow_2017_ward9.csv
glasgow_2017_ward10,2017,Glasgow,Ward 10 Anderston/City/Yorkhill,4,9,data/scottish_vote_tables/9_cands/glasgow_2017_ward10_votes_table.csv,data/scot-elex/09_cands/glasgow_2017_ward10.csv
glasgow_2017_ward11,2017,Glasgow,Ward 11 Hillhead,3,8,data/scottish_vote_tables/8_cands/glasgow_2017_ward11_votes_table.csv,data/scot-elex/08_cands/glasgow_2017_ward11.csv
glasgow_2017_ward12,2017,Glasgow,Ward 12 Victoria Park,3,7,data/scottish_vote_tables/7_cands/glasgow_2017_ward12_votes_table.csv,data/scot-elex/07_cands/glasgow_2017_ward12.csv
glasgow_2017_ward13,2017,Glasgow,Ward 13 Garscadden/Scotstounhill,4,10,data/scottish_vote_tables/10_cands/glasgow_2017_ward13_votes_table.csv,data/scot-elex/10_cands/glasgow_2017_ward13.csv
glasgow_2017_ward14,2017,Glasgow,Ward 14 Drumchapel/Anniesland,4,10,data/scottish_vote_tables/10_cands/glasgow_2017_ward14_votes_table.csv,data/scot-elex/10_cands/glasgow_2017_ward14.csv
glasgow_2017_ward15,2017,Glasgow,Ward 15 Maryhill,3,7,data/scottish_vote_tables/7_cands/glasgow_2017_ward15_votes_table.csv,data/scot-elex/07_cands/glasgow_2017_ward15.csv
glasgow_2017_ward16,2017,Glasgow,Ward 16 Canal,4,11,data/scottish_vote_tables/11_cands/glasgow_2017_ward16_votes_table.csv,data/scot-elex/11_cands/glasgow_2017_ward16.csv
glasgow_2017_ward17,2017,Glasgow,Ward 17 Springburn/Robroyston,4,10,data/scottish_vote_tables/10_cands/glasgow_2017_ward17_votes_table.csv,data/scot-elex/10_cands/glasgow_2017_ward17.csv
glasgow_2017_ward18,2017,Glasgow,Ward 18 East Centre,4,9,data/scottish_vote_tables/9_cands/glasgow_2017_ward18_votes_table.csv,data/scot-elex/09_cands/glasgow_2017_ward18.csv
glasgow_2017_ward19,2017,Glasgow,Ward 19 Shettleston,4,12,data/scottish_vote_tables/12_cands/glasgow_2017_ward19_votes_table.csv,data/scot-elex/12_cands/glasgow_2017_ward19.csv
glasgow_2017_ward20,2017,Glasgow,Ward 20 Baillieston,3,9,data/scottish_vote_tables/9_cands/glasgow_2017_ward20_votes_table.csv,data/scot-elex/09_cands/glasgow_2017_ward20.csv
glasgow_2017_ward21,2017,Glasgow,Ward 21 North East,3,8,data/scottish_vote_tables/8_cands/glasgow_2017_ward21_votes_table.csv,data/scot-elex/08_cands/glasgow_2017_ward21.csv
glasgow_2017_ward22,2017,Glasgow,Ward 22 Dennistoun,3,7,data/scottish_vote_tables/7_cands/glasgow_2017_ward22_votes_table.csv,data/scot-elex/07_cands/glasgow_2017_ward22.csv
glasgow_2017_ward23,2017,Glasgow,Ward 23 Partick East/Kelvindale,4,7,data/scottish_vote_tables/7_cands/glasgow_2017_ward23_votes_table.csv,data/scot-elex/07_cands/glasgow_2017_ward23.csv
highland_2017_ward1,2017,Highland,"Ward 1 - North, West and Central Sutherland",3,8,data/scottish_vote_tables/8_cands/highland_2017_ward1_votes_table.csv,data/scot-elex/08_cands/highland_2017_ward1.csv
highland_2017_ward2,2017,Highland,Ward 2 - Thurso and Northwest Caithness,4,9,data/scottish_vote_tables/9_cands/highland_2017_ward2_votes_table.csv,data/scot-elex/09_cands/highland_2017_ward2.csv
highland_2017_ward3,2017,Highland,Ward 3 - Wick and East Caithness,4,9,data/scottish_vote_tables/9_cands/highland_2017_ward3_votes_table.csv,data/scot-elex/09_cands/highland_2017_ward3.csv
highland_2017_ward4,2017,Highland,Ward 4 - East Sutherland and Edderton,3,7,data/scottish_vote_tables/7_cands/highland_2017_ward4_votes_table.csv,data/scot-elex/07_cands/highland_2017_ward4.csv
highland_2017_ward5,2017,Highland,"Ward 5 - Wester Ross, Strathpeffer and Lochalsh",4,8,data/scottish_vote_tables/8_cands/highland_2017_ward5_votes_table.csv,data/scot-elex/08_cands/highland_2017_ward5.csv
highland_2017_ward6,2017,Highland,Ward 6 - Cromarty Firth,4,9,data/scottish_vote_tables/9_cands/highland_2017_ward6_votes_table.csv,data/scot-elex/09_cands/highland_2017_ward6.csv
highland_2017_ward7,2017,Highland,Ward 7 - Tain and Easter Ross,3,6,data/scottish_vote_tables/6_cands/highland_2017_ward7_votes_table.csv,data/scot-elex/06_cands/highland_2017_ward7.csv
highland_2017_ward8,2017,Highland,Ward 8 - Dingwall and Seaforth,4,7,data/scottish_vote_tables/7_cands/highland_2017_ward8_votes_table.csv,data/scot-elex/07_cands/highland_2017_ward8.csv
highland_2017_ward9,2017,Highland,Ward 9 - Black Isle,3,7,data/scottish_vote_tables/7_cands/highland_2017_ward9_votes_table.csv,data/scot-elex/07_cands/highland_2017_ward9.csv
highland_2017_ward10,2017,Highland,Ward 10 - Eilean a' Cheo,4,12,data/scottish_vote_tables/12_cands/highland_2017_ward10_votes_table.csv,data/scot-elex/12_cands/highland_2017_ward10.csv
highland_2017_ward11,2017,Highland,Ward 11 - Caol and Mallaig,3,7,data/scottish_vote_tables/7_cands/highland_2017_ward11_votes_table.csv,data/scot-elex/07_cands/highland_2017_ward11.csv
highland_2017_ward12,2017,Highland,Ward 12 - Aird and Loch Ness,4,7,data/scottish_vote_tables/7_cands/highland_2017_ward12_votes_table.csv,data/scot-elex/07_cands/highland_2017_ward12.csv
highland_2017_ward13,2017,Highland,Ward 13 - Inverness West,3,7,data/scottish_vote_tables/7_cands/highland_2017_ward13_votes_table.csv,data/scot-elex/07_cands/highland_2017_ward13.csv
highland_2017_ward14,2017,Highland,Ward 14 - Inverness Central,3,8,data/scottish_vote_tables/8_cands/highland_2017_ward14_votes_table.csv,data/scot-elex/08_cands/highland_2017_ward14.csv
highland_2017_ward15,2017,Highland,Ward 15 - Inverness Ness-side,3,6,data/scottish_vote_tables/6_cands/highland_2017_ward15_votes_table.csv,data/scot-elex/06_cands/highland_2017_ward15.csv
highland_2017_ward16,2017,Highland,Ward 16 - Inverness Millburn,3,7,data/scottish_vote_tables/7_cands/highland_2017_ward16_votes_table.csv,data/scot-elex/07_cands/highland_2017_ward16.csv
highland_2017_ward17,2017,Highland,Ward 17 - Culloden and Ardersier,3,8,data/scottish_vote_tables/8_cands/highland_2017_ward17_votes_table.csv,data/scot-elex/08_cands/highland_2017_ward17.csv
highland_2017_ward18,2017,Highland,Ward 18 - Nairn and Cawdor,4,10,data/scottish_vote_tables/10_cands/highland_2017_ward18_votes_table.csv,data/scot-elex/10_cands/highland_2017_ward18.csv
highland_2017_ward19,2017,Highland,Ward 19 - Inverness South,4,8,data/scottish_vote_tables/8_cands/highland_2017_ward19_votes_table.csv,data/scot-elex/08_cands/highland_2017_ward19.csv
highland_2017_ward20,2017,Highland,Ward 20 - Badenoch and Strathspey,4,8,data/scottish_vote_tables/8_cands/highland_2017_ward20_votes_table.csv,data/scot-elex/08_cands/highland_2017_ward20.csv
highland_2017_ward21,2017,Highland,Ward 21 - Fort William and Ardnamurchan,4,7,data/scottish_vote_tables/7_cands/highland_2017_ward21_votes_table.csv,data/scot-elex/07_cands/highland_2017_ward21.csv
inverclyde_2017_ward1,2017,Inverclyde,Inverclyde East,3,5,data/scottish_vote_tables/5_cands/inverclyde_2017_ward1_votes_table.csv,data/scot-elex/05_cands/inverclyde_2017_ward1.csv
inverclyde_2017_ward2,2017,Inverclyde,Inverclyde East Central,3,6,data/scottish_vote_tables/6_cands/inverclyde_2017_ward2_votes_table.csv,data/scot-elex/06_cands/inverclyde_2017_ward2.csv
inverclyde_2017_ward3,2017,Inverclyde,Inverclyde Central,3,6,data/scottish_vote_tables/6_cands/inverclyde_2017_ward3_votes_table.csv,data/scot-elex/06_cands/inverclyde_2017_ward3.csv
inverclyde_2017_ward4,2017,Inverclyde,Inverclyde North,4,7,data/scottish_vote_tables/7_cands/inverclyde_2017_ward4_votes_table.csv,data/scot-elex/07_cands/inverclyde_2017_ward4.csv
inverclyde_2017_ward5,2017,Inverclyde,Inverclyde West,3,7,data/scottish_vote_tables/7_cands/inverclyde_2017_ward5_votes_table.csv,data/scot-elex/07_cands/inverclyde_2017_ward5.csv
inverclyde_2017_ward6,2017,Inverclyde,Inverclyde South West,3,7,data/scottish_vote_tables/7_cands/inverclyde_2017_ward6_votes_table.csv,data/scot-elex/07_cands/inverclyde_2017_ward6.csv
inverclyde_2017_ward7,2017,Inverclyde,Inverclyde South,3,8,data/scottish_vote_tables/8_cands/inverclyde_2017_ward7_votes_table.csv,data/scot-elex/08_cands/inverclyde_2017_ward7.csv
midlothian_2017_ward1,2017,Midlothian,Penicuik,3,6,data/scottish_vote_tables/6_cands/midlothian_2017_ward1_votes_table.csv,data/scot-elex/06_cands/midlothian_2017_ward1.csv
midlothian_2017_ward2,2017,Midlothian,Bonnyrigg,3,7,data/scottish_vote_tables/7_cands/midlothian_2017_ward2_votes_table.csv,data/scot-elex/07_cands/midlothian_2017_ward2.csv
midlothian_2017_ward3,2017,Midlothian,Dalkeith,3,7,data/scottish_vote_tables/7_cands/midlothian_2017_ward3_votes_table.csv,data/scot-elex/07_cands/midlothian_2017_ward3.csv
midlothian_2017_ward4,2017,Midlothian,Midlothian West,3,8,data/scottish_vote_tables/8_cands/midlothian_2017_ward4_votes_table.csv,data/scot-elex/08_cands/midlothian_2017_ward4.csv
midlothian_2017_ward5,2017,Midlothian,Midlothian East,3,6,data/scottish_vote_tables/6_cands/midlothian_2017_ward5_votes_table.csv,data/scot-elex/06_cands/midlothian_2017_ward5.csv
midlothian_2017_ward6,2017,Midlothian,Midlothian South,3,7,data/scottish_vote_tables/7_cands/midlothian_2017_ward6_votes_table.csv,data/scot-elex/07_cands/midlothian_2017_ward6.csv
moray_2017_ward1,2017,Moray,Speyside Glenlivet,3,4,data/scottish_vote_tables/4_cands/moray_2017_ward1_votes_table.csv,data/scot-elex/04_cands/moray_2017_ward1.csv
moray_2017_ward2,2017,Moray,Keith and Cullen,3,5,data/scottish_vote_tables/5_cands/moray_2017_ward2_votes_table.csv,data/scot-elex/05_cands/moray_2017_ward2.csv
moray_2017_ward3,2017,Moray,Buckie,3,4,data/scottish_vote_tables/4_cands/moray_2017_ward3_votes_table.csv,data/scot-elex/04_cands/moray_2017_ward3.csv
moray_2017_ward4,2017,Moray,Fochabers Lhanbryde,3,8,data/scottish_vote_tables/8_cands/moray_2017_ward4_votes_table.csv,data/scot-elex/08_cands/moray_2017_ward4.csv
moray_2017_ward5,2017,Moray,Heldon and Laich,4,7,data/scottish_vote_tables/7_cands/moray_2017_ward5_votes_table.csv,data/scot-elex/07_cands/moray_2017_ward5.csv
moray_2017_ward6,2017,Moray,Elgin City North,3,6,data/scottish_vote_tables/6_cands/moray_2017_ward6_votes_table.csv,data/scot-elex/06_cands/moray_2017_ward6.csv
moray_2017_ward7,2017,Moray,Elgin City South,3,4,data/scottish_vote_tables/4_cands/moray_2017_ward7_votes_table.csv,data/scot-elex/04_cands/moray_2017_ward7.csv
moray_2017_ward8,2017,Moray,Forres,4,7,data/scottish_vote_tables/7_cands/moray_2017_ward8_votes_table.csv,data/scot-elex/07_cands/moray_2017_ward8.csv
north_ayrshire_2017_ward1,2017,North Ayrshire,Irvine West,4,7,data/scottish_vote_tables/7_cands/north_ayrshire_2017_ward1_votes_table.csv,data/scot-elex/07_cands/north_ayrshire_2017_ward1.csv
north_ayrshire_2017_ward2,2017,North Ayrshire,Irvine East,3,6,data/scottish_vote_tables/6_cands/north_ayrshire_2017_ward2_votes_table.csv,data/scot-elex/06_cands/north_ayrshire_2017_ward2.csv
north_ayrshire_2017_ward3,2017,North Ayrshire,Kilwinning,4,7,data/scottish_vote_tables/7_cands/north_ayrshire_2017_ward3_votes_table.csv,data/scot-elex/07_cands/north_ayrshire_2017_ward3.csv
north_ayrshire_2017_ward4,2017,North Ayrshire,Stevenston,3,8,data/scottish_vote_tables/8_cands/north_ayrshire_2017_ward4_votes_table.csv,data/scot-elex/08_cands/north_ayrshire_2017_ward4.csv
north_ayrshire_2017_ward5,2017,North Ayrshire,Ardrossan and Arran,3,7,data/scottish_vote_tables/7_cands/north_ayrshire_2017_ward5_votes_table.csv,data/scot-elex/07_cands/north_ayrshire_2017_ward5.csv
north_ayrshire_2017_ward6,2017,North Ayrshire,Dalry and West Kilbride,3,8,data/scottish_vote_tables/8_cands/north_ayrshire_2017_ward6_votes_table.csv,data/scot-elex/08_cands/north_ayrshire_2017_ward6.csv
north_ayrshire_2017_ward7,2017,North Ayrshire,Kilbirnie and Beith,3,7,data/scottish_vote_tables/7_cands/north_ayrshire_2017_ward7_votes_table.csv,data/scot-elex/07_cands/north_ayrshire_2017_ward7.csv
north_ayrshire_2017_ward8,2017,North Ayrshire,North Coast and Cumbraes,4,6,data/scottish_vote_tables/6_cands/north_ayrshire_2017_ward8_votes_table.csv,data/scot-elex/06_cands/north_ayrshire_2017_ward8.csv
north_ayrshire_2017_ward9,2017,North Ayrshire,Saltcoats,3,7,data/scottish_vote_tables/7_cands/north_ayrshire_2017_ward9_votes_table.csv,data/scot-elex/07_cands/north_ayrshire_2017_ward9.csv
north_ayrshire_2017_ward10,2017,North Ayrshire,Irvine South,3,7,data/scottish_vote_tables/7_cands/north_ayrshire_2017_ward10_votes_table.csv,data/scot-elex/07_cands/north_ayrshire_2017_ward10.csv
north_lanarkshire_2017_ward1,2017,North Lanarkshire,Ward 1 - Kilsyth,3,7,data/scottish_vote_tables/7_cands/north_lanarkshire_2017_ward1_votes_table.csv,data/scot-elex/07_cands/north_lanarkshire_2017_ward1.csv
north_lanarkshire_2017_ward2,2017,North Lanarkshire,Ward 2 - Cumbernauld North,4,10,data/scottish_vote_tables/10_cands/north_lanarkshire_2017_ward2_votes_table.csv,data/scot-elex/10_cands/north_lanarkshire_2017_ward2.csv
north_lanarkshire_2017_ward3,2017,North Lanarkshire,Ward 3 - Cumbernauld South,4,9,data/scottish_vote_tables/9_cands/north_lanarkshire_2017_ward3_votes_table.csv,data/scot-elex/09_cands/north_lanarkshire_2017_ward3.csv
north_lanarkshire_2017_ward4,2017,North Lanarkshire,Ward 4 - Cumbernauld East,4,8,data/scottish_vote_tables/8_cands/north_lanarkshire_2017_ward4_votes_table.csv,data/scot-elex/08_cands/north_lanarkshire_2017_ward4.csv
north_lanarkshire_2017_ward5,2017,North Lanarkshire,"Ward 5 - Stepps, Chryston and Muirhead",3,6,data/scottish_vote_tables/6_cands/north_lanarkshire_2017_ward5_votes_table.csv,data/scot-elex/06_cands/north_lanarkshire_2017_ward5.csv
north_lanarkshire_2017_ward6,2017,North Lanarkshire,"Ward 6 - Gartcosh, Glenboig and Moodiesburn",3,7,data/scottish_vote_tables/7_cands/north_lanarkshire_2017_ward6_votes_table.csv,data/scot-elex/07_cands/north_lanarkshire_2017_ward6.csv
north_lanarkshire_2017_ward7,2017,North Lanarkshire,Ward 7 - Coatbridge North,4,8,data/scottish_vote_tables/8_cands/north_lanarkshire_2017_ward7_votes_table.csv,data/scot-elex/08_cands/north_lanarkshire_2017_ward7.csv
north_lanarkshire_2017_ward8,2017,North Lanarkshire,Ward 8 - Airdrie North,4,8,data/scottish_vote_tables/8_cands/north_lanarkshire_2017_ward8_votes_table.csv,data/scot-elex/08_cands/north_lanarkshire_2017_ward8.csv
north_lanarkshire_2017_ward9,2017,North Lanarkshire,Ward 9 - Airdrie Central,4,8,data/scottish_vote_tables/8_cands/north_lanarkshire_2017_ward9_votes_table.csv,data/scot-elex/08_cands/north_lanarkshire_2017_ward9.csv
north_lanarkshire_2017_ward10,2017,North Lanarkshire,Ward 10 - Coatbridge West,3,5,data/scottish_vote_tables/5_cands/north_lanarkshire_2017_ward10_votes_table.csv,data/scot-elex/05_cands/north_lanarkshire_2017_ward10.csv
north_lanarkshire_2017_ward11,2017,North Lanarkshire,Ward 11 - Coatbridge South,4,8,data/scottish_vote_tables/8_cands/north_lanarkshire_2017_ward11_votes_table.csv,data/scot-elex/08_cands/north_lanarkshire_2017_ward11.csv
north_lanarkshire_2017_ward12,2017,North Lanarkshire,Ward 12 - Airdrie South,4,8,data/scottish_vote_tables/8_cands/north_lanarkshire_2017_ward12_votes_table.csv,data/scot-elex/08_cands/north_lanarkshire_2017_ward12.csv
north_lanarkshire_2017_ward13,2017,North Lanarkshire,Ward 13 - Fortissat,4,7,data/scottish_vote_tables/7_cands/north_lanarkshire_2017_ward13_votes_table.csv,data/scot-elex/07_cands/north_lanarkshire_2017_ward13.csv
north_lanarkshire_2017_ward14,2017,North Lanarkshire,Ward 14 - Thorniewood,3,5,data/scottish_vote_tables/5_cands/north_lanarkshire_2017_ward14_votes_table.csv,data/scot-elex/05_cands/north_lanarkshire_2017_ward14.csv
north_lanarkshire_2017_ward15,2017,North Lanarkshire,Ward 15 - Bellshill,4,7,data/scottish_vote_tables/7_cands/north_lanarkshire_2017_ward15_votes_table.csv,data/scot-elex/07_cands/north_lanarkshire_2017_ward15.csv
north_lanarkshire_2017_ward16,2017,North Lanarkshire,Ward 16 - Mossend and Holytown,3,5,data/scottish_vote_tables/5_cands/north_lanarkshire_2017_ward16_votes_table.csv,data/scot-elex/05_cands/north_lanarkshire_2017_ward16.csv
north_lanarkshire_2017_ward17,2017,North Lanarkshire,Ward 17 - Motherwell West,3,7,data/scottish_vote_tables/7_cands/north_lanarkshire_2017_ward17_votes_table.csv,data/scot-elex/07_cands/north_lanarkshire_2017_ward17.csv
north_lanarkshire_2017_ward18,2017,North Lanarkshire,Ward 18 - Motherwell North,4,6,data/scottish_vote_tables/6_cands/north_lanarkshire_2017_ward18_votes_table.csv,data/scot-elex/06_cands/north_lanarkshire_2017_ward18.csv
north_lanarkshire_2017_ward19,2017,North Lanarkshire,Ward 19 - Motherwell South East and Ravenscraig,4,12,data/scottish_vote_tables/12_cands/north_lanarkshire_2017_ward19_votes_table.csv,data/scot-elex/12_cands/north_lanarkshire_2017_ward19.csv
north_lanarkshire_2017_ward20,2017,North Lanarkshire,Ward 20 - Murdostoun,4,9,data/scottish_vote_tables/9_cands/north_lanarkshire_2017_ward20_votes_table.csv,data/scot-elex/09_cands/north_lanarkshire_2017_ward20.csv
north_lanarkshire_2017_ward21,2017,North Lanarkshire,Ward 21 - Wishaw,4,7,data/scottish_vote_tables/7_cands/north_lanarkshire_2017_ward21_votes_table.csv,data/scot-elex/07_cands/north_lanarkshire_2017_ward21.csv
orkney_2017_ward1,2017,Orkney,Kirkwall East Ward,4,8,data/scottish_vote_tables/8_cands/orkney_2017_ward1_votes_table.csv,data/scot-elex/08_cands/orkney_2017_ward1.csv
orkney_2017_ward2,2017,Orkney,Kirkwall West and Orphir Ward,4,7,data/scottish_vote_tables/7_cands/orkney_2017_ward2_votes_table.csv,data/scot-elex/07_cands/orkney_2017_ward2.csv
orkney_2017_ward4,2017,Orkney,West Mainland Ward,4,7,data/scottish_vote_tables/7_cands/orkney_2017_ward4_votes_table.csv,data/scot-elex/07_cands/orkney_2017_ward4.csv
orkney_2017_ward5,2017,Orkney,"East Mainland, South Ronaldsay and Burray Ward",3,5,data/scottish_vote_tables/5_cands/orkney_2017_ward5_votes_table.csv,data/scot-elex/05_cands/orkney_2017_ward5.csv
orkney_2017_ward6,2017,Orkney,North Isles Ward,3,8,data/scottish_vote_tables/8_cands/orkney_2017_ward6_votes_table.csv,data/scot-elex/08_cands/orkney_2017_ward6.csv
perth_kinross_2017_ward1,2017,Perth and Kinross,Ward 1 - Carse of Gowrie,3,6,data/scottish_vote_tables/6_cands/perth_kinross_2017_ward1_votes_table.csv,data/scot-elex/06_cands/perth_kinross_2017_ward1.csv
perth_kinross_2017_ward2,2017,Perth and Kinross,Ward 2 - Strathmore,4,7,data/scottish_vote_tables/7_cands/perth_kinross_2017_ward2_votes_table.csv,data/scot-elex/07_cands/perth_kinross_2017_ward2.csv
perth_kinross_2017_ward3,2017,Perth and Kinross,Ward 3 - Blairgowrie and Glens,3,6,data/scottish_vote_tables/6_cands/perth_kinross_2017_ward3_votes_table.csv,data/scot-elex/06_cands/perth_kinross_2017_ward3.csv
perth_kinross_2017_ward4,2017,Perth and Kinross,Ward 4 - Highland,3,6,data/scottish_vote_tables/6_cands/perth_kinross_2017_ward4_votes_table.csv,data/scot-elex/06_cands/perth_kinross_2017_ward4.csv
perth_kinross_2017_ward5,2017,Perth and Kinross,Ward 5 - Strathtay,3,7,data/scottish_vote_tables/7_cands/perth_kinross_2017_ward5_votes_table.csv,data/scot-elex/07_cands/perth_kinross_2017_ward5.csv
perth_kinross_2017_ward6,2017,Perth and Kinross,Ward 6 - Strathearn,3,8,data/scottish_vote_tables/8_cands/perth_kinross_2017_ward6_votes_table.csv,data/scot-elex/08_cands/perth_kinross_2017_ward6.csv
perth_kinross_2017_ward7,2017,Perth and Kinross,Ward 7 - Strathallan,3,8,data/scottish_vote_tables/8_cands/perth_kinross_2017_ward7_votes_table.csv,data/scot-elex/08_cands/perth_kinross_2017_ward7.csv
perth_kinross_2017_ward8,2017,Perth and Kinross,Ward 8 - Kinross-shire,4,8,data/scottish_vote_tables/8_cands/perth_kinross_2017_ward8_votes_table.csv,data/scot-elex/08_cands/perth_kinross_2017_ward8.csv
perth_kinross_2017_ward9,2017,Perth and Kinross,Ward 9 - Almond and Earn,3,6,data/scottish_vote_tables/6_cands/perth_kinross_2017_ward9_votes_table.csv,data/scot-elex/06_cands/perth_kinross_2017_ward9.csv
perth_kinross_2017_ward10,2017,Perth and Kinross,Ward 10 - Perth City South,4,8,data/scottish_vote_tables/8_cands/perth_kinross_2017_ward10_votes_table.csv,data/scot-elex/08_cands/perth_kinross_2017_ward10.csv
perth_kinross_2017_ward11,2017,Perth and Kinross,Ward 11 - Perth City North,3,8,data/scottish_vote_tables/8_cands/perth_kinross_2017_ward11_votes_table.csv,data/scot-elex/08_cands/perth_kinross_2017_ward11.csv
perth_kinross_2017_ward12,2017,Perth and Kinross,Ward 12 - Perth City Centre,4,8,data/scottish_vote_tables/8_cands/perth_kinross_2017_ward12_votes_table.csv,data/scot-elex/08_cands/perth_kinross_2017_ward12.csv
renfrewshire_2017_ward1,2017,Renfrewshire,Ward 1 - Renfrew North and Braehead,4,8,data/scottish_vote_tables/8_cands/renfrewshire_2017_ward1_votes_table.csv,data/scot-elex/08_cands/renfrewshire_2017_ward1.csv
renfrewshire_2017_ward2,2017,Renfrewshire,Ward 2 - Renfrew South and Gallowhill,3,7,data/scottish_vote_tables/7_cands/renfrewshire_2017_ward2_votes_table.csv,data/scot-elex/07_cands/renfrewshire_2017_ward2.csv
renfrewshire_2017_ward3,2017,Renfrewshire,Ward 3 - Paisley Northeast and Ralston,3,9,data/scottish_vote_tables/9_cands/renfrewshire_2017_ward3_votes_table.csv,data/scot-elex/09_cands/renfrewshire_2017_ward3.csv
renfrewshire_2017_ward4,2017,Renfrewshire,Ward 4 - Paisley Northwest,4,10,data/scottish_vote_tables/10_cands/renfrewshire_2017_ward4_votes_table.csv,data/scot-elex/10_cands/renfrewshire_2017_ward4.csv
renfrewshire_2017_ward5,2017,Renfrewshire,Ward 5 - Paisley East and Central,3,7,data/scottish_vote_tables/7_cands/renfrewshire_2017_ward5_votes_table.csv,data/scot-elex/07_cands/renfrewshire_2017_ward5.csv
renfrewshire_2017_ward6,2017,Renfrewshire,Ward 6 - Paisley Southeast,3,9,data/scottish_vote_tables/9_cands/renfrewshire_2017_ward6_votes_table.csv,data/scot-elex/09_cands/renfrewshire_2017_ward6.csv
renfrewshire_2017_ward7,2017,Renfrewshire,Ward 7 - Paisley Southwest,4,7,data/scottish_vote_tables/7_cands/renfrewshire_2017_ward7_votes_table.csv,data/scot-elex/07_cands/renfrewshire_2017_ward7.csv
renfrewshire_2017_ward8,2017,Renfrewshire,Ward 8 - Johnstone South and Elderslie,4,7,data/scottish_vote_tables/7_cands/renfrewshire_2017_ward8_votes_table.csv,data/scot-elex/07_cands/renfrewshire_2017_ward8.csv
renfrewshire_2017_ward9,2017,Renfrewshire,"Ward 9 - Johnstone North, Kilbarchan, Howwood and Lochwinnoch",4,10,data/scottish_vote_tables/10_cands/renfrewshire_2017_ward9_votes_table.csv,data/scot-elex/10_cands/renfrewshire_2017_ward9.csv
renfrewshire_2017_ward10,2017,Renfrewshire,"Ward 10 - Houston, Crosslee and Linwood",4,7,data/scottish_vote_tables/7_cands/renfrewshire_2017_ward10_votes_table.csv,data/scot-elex/07_cands/renfrewshire_2017_ward10.csv
renfrewshire_2017_ward11,2017,Renfrewshire,"Ward 11 - Bishopton, Bridge of Weir and Langbank",3,5,data/scottish_vote_tables/5_cands/renfrewshire_2017_ward11_votes_table.csv,data/scot-elex/05_cands/renfrewshire_2017_ward11.csv
renfrewshire_2017_ward12,2017,Renfrewshire,Ward 12 - Erskine and Inchinnan,4,9,data/scottish_vote_tables/9_cands/renfrewshire_2017_ward12_votes_table.csv,data/scot-elex/09_cands/renfrewshire_2017_ward12.csv
sc_borders_2017_ward1,2017,Scottish Borders,Ward 1 - Tweeddale West,3,8,data/scottish_vote_tables/8_cands/sc_borders_2017_ward1_votes_table.csv,data/scot-elex/08_cands/sc_borders_2017_ward1.csv
sc_borders_2017_ward2,2017,Scottish Borders,Ward 2 - Tweeddale East,3,5,data/scottish_vote_tables/5_cands/sc_borders_2017_ward2_votes_table.csv,data/scot-elex/05_cands/sc_borders_2017_ward2.csv
sc_borders_2017_ward3,2017,Scottish Borders,Ward 3 - Galashiels and District,4,8,data/scottish_vote_tables/8_cands/sc_borders_2017_ward3_votes_table.csv,data/scot-elex/08_cands/sc_borders_2017_ward3.csv
sc_borders_2017_ward4,2017,Scottish Borders,Ward 4 - Selkirkshire,3,9,data/scottish_vote_tables/9_cands/sc_borders_2017_ward4_votes_table.csv,data/scot-elex/09_cands/sc_borders_2017_ward4.csv
sc_borders_2017_ward5,2017,Scottish Borders,Ward 5 - Leaderdale and Melrose,3,7,data/scottish_vote_tables/7_cands/sc_borders_2017_ward5_votes_table.csv,data/scot-elex/07_cands/sc_borders_2017_ward5.csv
sc_borders_2017_ward6,2017,Scottish Borders,Ward 6 - Mid Berwickshire,3,6,data/scottish_vote_tables/6_cands/sc_borders_2017_ward6_votes_table.csv,data/scot-elex/06_cands/sc_borders_2017_ward6.csv
sc_borders_2017_ward7,2017,Scottish Borders,Ward 7 - East Berwickshire,3,7,data/scottish_vote_tables/7_cands/sc_borders_2017_ward7_votes_table.csv,data/scot-elex/07_cands/sc_borders_2017_ward7.csv
sc_borders_2017_ward8,2017,Scottish Borders,Ward 8 - Kelso & District,3,8,data/scottish_vote_tables/8_cands/sc_borders_2017_ward8_votes_table.csv,data/scot-elex/08_cands/sc_borders_2017_ward8.csv
sc_borders_2017_ward9,2017,Scottish Borders,Ward 9 - Jedburgh and District,3,7,data/scottish_vote_tables/7_cands/sc_borders_2017_ward9_votes_table.csv,data/scot-elex/07_cands/sc_borders_2017_ward9.csv
sc_borders_2017_ward10,2017,Scottish Borders,Ward 10 - Hawick and Denholm,3,6,data/scottish_vote_tables/6_cands/sc_borders_2017_ward10_votes_table.csv,data/scot-elex/06_cands/sc_borders_2017_ward10.csv
sc_borders_2017_ward11,2017,Scottish Borders,Ward 11 - Hawick and Hermitage,3,4,data/scottish_vote_tables/4_cands/sc_borders_2017_ward11_votes_table.csv,data/scot-elex/04_cands/sc_borders_2017_ward11.csv
shetland_2017_ward1,2017,Shetland,Ward 1 - North Isles,3,5,data/scottish_vote_tables/5_cands/shetland_2017_ward1_votes_table.csv,data/scot-elex/05_cands/shetland_2017_ward1.csv
shetland_2017_ward2,2017,Shetland,Ward 2 - Shetland North,3,4,data/scottish_vote_tables/4_cands/shetland_2017_ward2_votes_table.csv,data/scot-elex/04_cands/shetland_2017_ward2.csv
shetland_2017_ward3,2017,Shetland,Ward 3 - Shetland West,3,6,data/scottish_vote_tables/6_cands/shetland_2017_ward3_votes_table.csv,data/scot-elex/06_cands/shetland_2017_ward3.csv
shetland_2017_ward4,2017,Shetland,Ward 4 - Shetland Central,3,5,data/scottish_vote_tables/5_cands/shetland_2017_ward4_votes_table.csv,data/scot-elex/05_cands/shetland_2017_ward4.csv
shetland_2017_ward6,2017,Shetland,Ward 6 - Lerwick North,3,4,data/scottish_vote_tables/4_cands/shetland_2017_ward6_votes_table.csv,data/scot-elex/04_cands/shetland_2017_ward6.csv
shetland_2017_ward7,2017,Shetland,Ward 7 - Lerwick South,4,5,data/scottish_vote_tables/5_cands/shetland_2017_ward7_votes_table.csv,data/scot-elex/05_cands/shetland_2017_ward7.csv
south_ayrshire_2017_ward1,2017,South Ayrshire,Troon,4,6,data/scottish_vote_tables/6_cands/south_ayrshire_2017_ward1_votes_table.csv,data/scot-elex/06_cands/south_ayrshire_2017_ward1.csv
south_ayrshire_2017_ward2,2017,South Ayrshire,Prestwick,4,6,data/scottish_vote_tables/6_cands/south_ayrshire_2017_ward2_votes_table.csv,data/scot-elex/06_cands/south_ayrshire_2017_ward2.csv
south_ayrshire_2017_ward3,2017,South Ayrshire,Ayr North,4,6,data/scottish_vote_tables/6_cands/south_ayrshire_2017_ward3_votes_table.csv,data/scot-elex/06_cands/south_ayrshire_2017_ward3.csv
south_ayrshire_2017_ward4,2017,South Ayrshire,Ayr East,3,5,data/scottish_vote_tables/5_cands/south_ayrshire_2017_ward4_votes_table.csv,data/scot-elex/05_cands/south_ayrshire_2017_ward4.csv
south_ayrshire_2017_ward5,2017,South Ayrshire,Ayr West,4,7,data/scottish_vote_tables/7_cands/south_ayrshire_2017_ward5_votes_table.csv,data/scot-elex/07_cands/south_ayrshire_2017_ward5.csv
south_ayrshire_2017_ward6,2017,South Ayrshire,Kyle,3,4,data/scottish_vote_tables/4_cands/south_ayrshire_2017_ward6_votes_table.csv,data/scot-elex/04_cands/south_ayrshire_2017_ward6.csv
south_ayrshire_2017_ward7,2017,South Ayrshire,"Maybole, North Carrick and Coylton",3,5,data/scottish_vote_tables/5_cands/south_ayrshire_2017_ward7_votes_table.csv,data/scot-elex/05_cands/south_ayrshire_2017_ward7.csv
south_ayrshire_2017_ward8,2017,South Ayrshire,Girvan and South Carrick,3,6,data/scottish_vote_tables/6_cands/south_ayrshire_2017_ward8_votes_table.csv,data/scot-elex/06_cands/south_ayrshire_2017_ward8.csv
south_lanarkshire_2017_ward1,2017,South Lanarkshire,Ward 1 - Clydesdale West,4,8,data/scottish_vote_tables/8_cands/south_lanarkshire_2017_ward1_votes_table.csv,data/scot-elex/08_cands/south_lanarkshire_2017_ward1.csv
south_lanarkshire_2017_ward2,2017,South Lanarkshire,Ward 2 - Clydesdale North,3,7,data/scottish_vote_tables/7_cands/south_lanarkshire_2017_ward2_votes_table.csv,data/scot-elex/07_cands/south_lanarkshire_2017_ward2.csv
south_lanarkshire_2017_ward3,2017,South Lanarkshire,Ward 3 - Clydesdale East,3,8,data/scottish_vote_tables/8_cands/south_lanarkshire_2017_ward3_votes_table.csv,data/scot-elex/08_cands/south_lanarkshire_2017_ward3.csv
south_lanarkshire_2017_ward4,2017,South Lanarkshire,Ward 4 - Clydesdale South,3,9,data/scottish_vote_tables/9_cands/south_lanarkshire_2017_ward4_votes_table.csv,data/scot-elex/09_cands/south_lanarkshire_2017_ward4.csv
south_lanarkshire_2017_ward5,2017,South Lanarkshire,Ward 5 - Avondale and Stonehouse,3,8,data/scottish_vote_tables/8_cands/south_lanarkshire_2017_ward5_votes_table.csv,data/scot-elex/08_cands/south_lanarkshire_2017_ward5.csv
south_lanarkshire_2017_ward6,2017,South Lanarkshire,Ward 6 - East Kilbride South,3,8,data/scottish_vote_tables/8_cands/south_lanarkshire_2017_ward6_votes_table.csv,data/scot-elex/08_cands/south_lanarkshire_2017_ward6.csv
south_lanarkshire_2017_ward7,2017,South Lanarkshire,Ward 7 - East Kilbride Central South,3,7,data/scottish_vote_tables/7_cands/south_lanarkshire_2017_ward7_votes_table.csv,data/scot-elex/07_cands/south_lanarkshire_2017_ward7.csv
south_lanarkshire_2017_ward8,2017,South Lanarkshire,Ward 8 - East Kilbride Central North,3,8,data/scottish_vote_tables/8_cands/south_lanarkshire_2017_ward8_votes_table.csv,data/scot-elex/08_cands/south_lanarkshire_2017_ward8.csv
south_lanarkshire_2017_ward9,2017,South Lanarkshire,Ward 9 - East Kilbride West,3,7,data/scottish_vote_tables/7_cands/south_lanarkshire_2017_ward9_votes_table.csv,data/scot-elex/07_cands/south_lanarkshire_2017_ward9.csv
south_lanarkshire_2017_ward10,2017,South Lanarkshire,Ward 10 - East Kilbride East,3,8,data/scottish_vote_tables/8_cands/south_lanarkshire_2017_ward10_votes_table.csv,data/scot-elex/08_cands/south_lanarkshire_2017_ward10.csv
south_lanarkshire_2017_ward11,2017,South Lanarkshire,Ward 11 - Rutherglen South,3,6,data/scottish_vote_tables/6_cands/south_lanarkshire_2017_ward11_votes_table.csv,data/scot-elex/06_cands/south_lanarkshire_2017_ward11.csv
south_lanarkshire_2017_ward12,2017,South Lanarkshire,Ward 12 - Rutherglen Central and North,3,7,data/scottish_vote_tables/7_cands/south_lanarkshire_2017_ward12_votes_table.csv,data/scot-elex/07_cands/south_lanarkshire_2017_ward12.csv
south_lanarkshire_2017_ward13,2017,South Lanarkshire,Ward 13 - Cambuslang West,3,8,data/scottish_vote_tables/8_cands/south_lanarkshire_2017_ward13_votes_table.csv,data/scot-elex/08_cands/south_lanarkshire_2017_ward13.csv
south_lanarkshire_2017_ward14,2017,South Lanarkshire,Ward 14 - Cambuslang East,3,8,data/scottish_vote_tables/8_cands/south_lanarkshire_2017_ward14_votes_table.csv,data/scot-elex/08_cands/south_lanarkshire_2017_ward14.csv
south_lanarkshire_2017_ward15,2017,South Lanarkshire,Ward 15 - Blantyre,3,8,data/scottish_vote_tables/8_cands/south_lanarkshire_2017_ward15_votes_table.csv,data/scot-elex/08_cands/south_lanarkshire_2017_ward15.csv
south_lanarkshire_2017_ward16,2017,South Lanarkshire,Ward 16 - Bothwell and Uddingston,3,6,data/scottish_vote_tables/6_cands/south_lanarkshire_2017_ward16_votes_table.csv,data/scot-elex/06_cands/south_lanarkshire_2017_ward16.csv
south_lanarkshire_2017_ward17,2017,South Lanarkshire,Ward 17 - Hamilton North and East,3,8,data/scottish_vote_tables/8_cands/south_lanarkshire_2017_ward17_votes_table.csv,data/scot-elex/08_cands/south_lanarkshire_2017_ward17.csv
south_lanarkshire_2017_ward18,2017,South Lanarkshire,Ward 18 - Hamilton West and Earnock,4,7,data/scottish_vote_tables/7_cands/south_lanarkshire_2017_ward18_votes_table.csv,data/scot-elex/07_cands/south_lanarkshire_2017_ward18.csv
south_lanarkshire_2017_ward19,2017,South Lanarkshire,Ward 19 - Hamilton South,4,7,data/scottish_vote_tables/7_cands/south_lanarkshire_2017_ward19_votes_table.csv,data/scot-elex/07_cands/south_lanarkshire_2017_ward19.csv
south_lanarkshire_2017_ward20,2017,South Lanarkshire,Ward 20 - Larkhall,4,9,data/scottish_vote_tables/9_cands/south_lanarkshire_2017_ward20_votes_table.csv,data/scot-elex/09_cands/south_lanarkshire_2017_ward20.csv
stirling_2017_ward1,2017,Stirling,Trossachs and Teith,3,7,data/scottish_vote_tables/7_cands/stirling_2017_ward1_votes_table.csv,data/scot-elex/07_cands/stirling_2017_ward1.csv
stirling_2017_ward2,2017,Stirling,Forth and Endrick,3,7,data/scottish_vote_tables/7_cands/stirling_2017_ward2_votes_table.csv,data/scot-elex/07_cands/stirling_2017_ward2.csv
stirling_2017_ward3,2017,Stirling,Dunblane and Bridge of Allan,4,7,data/scottish_vote_tables/7_cands/stirling_2017_ward3_votes_table.csv,data/scot-elex/07_cands/stirling_2017_ward3.csv
stirling_2017_ward4,2017,Stirling,Stirling North,4,8,data/scottish_vote_tables/8_cands/stirling_2017_ward4_votes_table.csv,data/scot-elex/08_cands/stirling_2017_ward4.csv
stirling_2017_ward5,2017,Stirling,Stirling West,3,6,data/scottish_vote_tables/6_cands/stirling_2017_ward5_votes_table.csv,data/scot-elex/06_cands/stirling_2017_ward5.csv
stirling_2017_ward6,2017,Stirling,Stirling East,3,7,data/scottish_vote_tables/7_cands/stirling_2017_ward6_votes_table.csv,data/scot-elex/07_cands/stirling_2017_ward6.csv
stirling_2017_ward7,2017,Stirling,Bannockburn,3,7,data/scottish_vote_tables/7_cands/stirling_2017_ward7_votes_table.csv,data/scot-elex/07_cands/stirling_2017_ward7.csv
west_dunbartonshire_2017_ward1,2017,West Dunbartonshire,Lomond,3,7,data/scottish_vote_tables/7_cands/west_dunbartonshire_2017_ward1_votes_table.csv,data/scot-elex/07_cands/west_dunbartonshire_2017_ward1.csv
west_dunbartonshire_2017_ward2,2017,West Dunbartonshire,Leven,4,8,data/scottish_vote_tables/8_cands/west_dunbartonshire_2017_ward2_votes_table.csv,data/scot-elex/08_cands/west_dunbartonshire_2017_ward2.csv
west_dunbartonshire_2017_ward3,2017,West Dunbartonshire,Dumbarton,4,7,data/scottish_vote_tables/7_cands/west_dunbartonshire_2017_ward3_votes_table.csv,data/scot-elex/07_cands/west_dunbartonshire_2017_ward3.csv
west_dunbartonshire_2017_ward4,2017,West Dunbartonshire,Kilpatrick,3,5,data/scottish_vote_tables/5_cands/west_dunbartonshire_2017_ward4_votes_table.csv,data/scot-elex/05_cands/west_dunbartonshire_2017_ward4.csv
west_dunbartonshire_2017_ward5,2017,West Dunbartonshire,Clydebank Central,4,7,data/scottish_vote_tables/7_cands/west_dunbartonshire_2017_ward5_votes_table.csv,data/scot-elex/07_cands/west_dunbartonshire_2017_ward5.csv
west_dunbartonshire_2017_ward6,2017,West Dunbartonshire,Clydebank Waterfront,4,9,data/scottish_vote_tables/9_cands/west_dunbartonshire_2017_ward6_votes_table.csv,data/scot-elex/09_cands/west_dunbartonshire_2017_ward6.csv
west_lothian_2017_ward1,2017,West Lothian,Ward 1 - Linlithgow,3,7,data/scottish_vote_tables/7_cands/west_lothian_2017_ward1_votes_table.csv,data/scot-elex/07_cands/west_lothian_2017_ward1.csv
west_lothian_2017_ward2,2017,West Lothian,"Ward 2 - Broxburn, Uphall and Winchburgh",4,9,data/scottish_vote_tables/9_cands/west_lothian_2017_ward2_votes_table.csv,data/scot-elex/09_cands/west_lothian_2017_ward2.csv
west_lothian_2017_ward3,2017,West Lothian,Ward 3 - Livingston North,4,8,data/scottish_vote_tables/8_cands/west_lothian_2017_ward3_votes_table.csv,data/scot-elex/08_cands/west_lothian_2017_ward3.csv
west_lothian_2017_ward4,2017,West Lothian,Ward 4 - Livingston South,4,8,data/scottish_vote_tables/8_cands/west_lothian_2017_ward4_votes_table.csv,data/scot-elex/08_cands/west_lothian_2017_ward4.csv
west_lothian_2017_ward5,2017,West Lothian,Ward 5 - East Livingston and East Calder,4,8,data/scottish_vote_tables/8_cands/west_lothian_2017_ward5_votes_table.csv,data/scot-elex/08_cands/west_lothian_2017_ward5.csv
west_lothian_2017_ward6,2017,West Lothian,Ward 6 - Fauldhouse and the Breich Valley,3,7,data/scottish_vote_tables/7_cands/west_lothian_2017_ward6_votes_table.csv,data/scot-elex/07_cands/west_lothian_2017_ward6.csv
west_lothian_2017_ward7,2017,West Lothian,Ward 7 - Whitburn and Blackburn,4,7,data/scottish_vote_tables/7_cands/west_lothian_2017_ward7_votes_table.csv,data/scot-elex/07_cands/west_lothian_2017_ward7.csv
west_lothian_2017_ward8,2017,West Lothian,Ward 8 - Bathgate,4,9,data/scottish_vote_tables/9_cands/west_lothian_2017_ward8_votes_table.csv,data/scot-elex/09_cands/west_lothian_2017_ward8.csv
west_lothian_2017_ward9,2017,West Lothian,Ward 9 - Armadale and Blackridge,3,6,data/scottish_vote_tables/6_cands/west_lothian_2017_ward9_votes_table.csv,data/scot-elex/06_cands/west_lothian_2017_ward9.csv
aberdeen_2012_ward1,2012,Aberdeen,Ward 1 - Dyce - Bucksburn - Danestone,4,9,data/scottish_vote_tables/9_cands/aberdeen_2012_ward1_votes_table.csv,data/scot-elex/09_cands/aberdeen_2012_ward1.csv
aberdeen_2012_ward2,2012,Aberdeen,Ward 2 - Bridge of Don,4,9,data/scottish_vote_tables/9_cands/aberdeen_2012_ward2_votes_table.csv,data/scot-elex/09_cands/aberdeen_2012_ward2.csv
aberdeen_2012_ward3,2012,Aberdeen,Ward 3 - Kingswells - Sheddocksley,3,9,data/scottish_vote_tables/9_cands/aberdeen_2012_ward3_votes_table.csv,data/scot-elex/09_cands/aberdeen_2012_ward3.csv
aberdeen_2012_ward4,2012,Aberdeen,Ward 4 - Northfield,3,7,data/scottish_vote_tables/7_cands/aberdeen_2012_ward4_votes_table.csv,data/scot-elex/07_cands/aberdeen_2012_ward4.csv
aberdeen_2012_ward5,2012,Aberdeen,Ward 5 - Hilton - Stockethill,3,11,data/scottish_vote_tables/11_cands/aberdeen_2012_ward5_votes_table.csv,data/scot-elex/11_cands/aberdeen_2012_ward5.csv
aberdeen_2012_ward6,2012,Aberdeen,Ward 6 - Tillydrone - Seaton - Old Aberdeen,3,9,data/scottish_vote_tables/9_cands/aberdeen_2012_ward6_votes_table.csv,data/scot-elex/09_cands/aberdeen_2012_ward6.csv
aberdeen_2012_ward7,2012,Aberdeen,Ward 7 - Midstocket - Rosemount,3,7,data/scottish_vote_tables/7_cands/aberdeen_2012_ward7_votes_table.csv,data/scot-elex/07_cands/aberdeen_2012_ward7.csv
aberdeen_2012_ward8,2012,Aberdeen,Ward 8 - George Street - Harbour,3,11,data/scottish_vote_tables/11_cands/aberdeen_2012_ward8_votes_table.csv,data/scot-elex/11_cands/aberdeen_2012_ward8.csv
aberdeen_2012_ward9,2012,Aberdeen,Ward 9 - Lower Deeside,3,7,data/scottish_vote_tables/7_cands/aberdeen_2012_ward9_votes_table.csv,data/scot-elex/07_cands/aberdeen_2012_ward9.csv
aberdeen_2012_ward10,2012,Aberdeen,Ward 10 - Hazlehead - Ashley - Queens Cross,4,8,data/scottish_vote_tables/8_cands/aberdeen_2012_ward10_votes_table.csv,data/scot-elex/08_cands/aberdeen_2012_ward10.csv
aberdeen_2012_ward11,2012,Aberdeen,Ward 11 - Airyhall - Broomhill - Garthdee,3,6,data/scottish_vote_tables/6_cands/aberdeen_2012_ward11_votes_table.csv,data/scot-elex/06_cands/aberdeen_2012_ward11.csv
aberdeen_2012_ward12,2012,Aberdeen,Ward 12 - Torry - Ferryhill,4,12,data/scottish_vote_tables/12_cands/aberdeen_2012_ward12_votes_table.csv,data/scot-elex/12_cands/aberdeen_2012_ward12.csv
aberdeen_2012_ward13,2012,Aberdeen,Ward 13 - Kincorth - Loirston,3,7,data/scottish_vote_tables/7_cands/aberdeen_2012_ward13_votes_table.csv,data/scot-elex/07_cands/aberdeen_2012_ward13.csv
aberdeenshire_2012_ward1,2012,Aberdeenshire,Banff and District Ward,3,5,data/scottish_vote_tables/5_cands/aberdeenshire_2012_ward1_votes_table.csv,data/scot-elex/05_cands/aberdeenshire_2012_ward1.csv
aberdeenshire_2012_ward2,2012,Aberdeenshire,Troup Ward,3,8,data/scottish_vote_tables/8_cands/aberdeenshire_2012_ward2_votes_table.csv,data/scot-elex/08_cands/aberdeenshire_2012_ward2.csv
aberdeenshire_2012_ward3,2012,Aberdeenshire,Fraserburgh and District Ward,4,10,data/scottish_vote_tables/10_cands/aberdeenshire_2012_ward3_votes_table.csv,data/scot-elex/10_cands/aberdeenshire_2012_ward3.csv
aberdeenshire_2012_ward4,2012,Aberdeenshire,Central Buchan Ward,4,8,data/scottish_vote_tables/8_cands/aberdeenshire_2012_ward4_votes_table.csv,data/scot-elex/08_cands/aberdeenshire_2012_ward4.csv
aberdeenshire_2012_ward5,2012,Aberdeenshire,Peterhead North and Rattray Ward,4,9,data/scottish_vote_tables/9_cands/aberdeenshire_2012_ward5_votes_table.csv,data/scot-elex/09_cands/aberdeenshire_2012_ward5.csv
aberdeenshire_2012_ward6,2012,Aberdeenshire,Peterhead South and Cruden Ward,3,6,data/scottish_vote_tables/6_cands/aberdeenshire_2012_ward6_votes_table.csv,data/scot-elex/06_cands/aberdeenshire_2012_ward6.csv
aberdeenshire_2012_ward7,2012,Aberdeenshire,Turriff and District Ward,3,6,data/scottish_vote_tables/6_cands/aberdeenshire_2012_ward7_votes_table.csv,data/scot-elex/06_cands/aberdeenshire_2012_ward7.csv
aberdeenshire_2012_ward8,2012,Aberdeenshire,Mid Formartine Ward,4,7,data/scottish_vote_tables/7_cands/aberdeenshire_2012_ward8_votes_table.csv,data/scot-elex/07_cands/aberdeenshire_2012_ward8.csv
aberdeenshire_2012_ward9,2012,Aberdeenshire,Ellon and District Ward,4,6,data/scottish_vote_tables/6_cands/aberdeenshire_2012_ward9_votes_table.csv,data/scot-elex/06_cands/aberdeenshire_2012_ward9.csv
aberdeenshire_2012_ward10,2012,Aberdeenshire,West Garioch Ward,3,5,data/scottish_vote_tables/5_cands/aberdeenshire_2012_ward10_votes_table.csv,data/scot-elex/05_cands/aberdeenshire_2012_ward10.csv
aberdeenshire_2012_ward11,2012,Aberdeenshire,Inverurie and District Ward,4,8,data/scottish_vote_tables/8_cands/aberdeenshire_2012_ward11_votes_table.csv,data/scot-elex/08_cands/aberdeenshire_2012_ward11.csv
aberdeenshire_2012_ward12,2012,Aberdeenshire,East Garioch Ward,3,6,data/scottish_vote_tables/6_cands/aberdeenshire_2012_ward12_votes_table.csv,data/scot-elex/06_cands/aberdeenshire_2012_ward12.csv
aberdeenshire_2012_ward13,2012,Aberdeenshire,Westhill and District Ward,4,5,data/scottish_vote_tables/5_cands/aberdeenshire_2012_ward13_votes_table.csv,data/scot-elex/05_cands/aberdeenshire_2012_ward13.csv
aberdeenshire_2012_ward14,2012,Aberdeenshire,Huntly Strathbogie and Howe of Alford Ward,4,6,data/scottish_vote_tables/6_cands/aberdeenshire_2012_ward14_votes_table.csv,data/scot-elex/06_cands/aberdeenshire_2012_ward14.csv
aberdeenshire_2012_ward15,2012,Aberdeenshire,Aboyne Upper Deeside and Donside Ward,3,5,data/scottish_vote_tables/5_cands/aberdeenshire_2012_ward15_votes_table.csv,data/scot-elex/05_cands/aberdeenshire_2012_ward15.csv
aberdeenshire_2012_ward16,2012,Aberdeenshire,Banchory and Mid Deeside Ward,3,5,data/scottish_vote_tables/5_cands/aberdeenshire_2012_ward16_votes_table.csv,data/scot-elex/05_cands/aberdeenshire_2012_ward16.csv
aberdeenshire_2012_ward17,2012,Aberdeenshire,North Kincardine Ward,4,7,data/scottish_vote_tables/7_cands/aberdeenshire_2012_ward17_votes_table.csv,data/scot-elex/07_cands/aberdeenshire_2012_ward17.csv
aberdeenshire_2012_ward18,2012,Aberdeenshire,Stonehaven and Lower Deeside Ward,4,10,data/scottish_vote_tables/10_cands/aberdeenshire_2012_ward18_votes_table.csv,data/scot-elex/10_cands/aberdeenshire_2012_ward18.csv
aberdeenshire_2012_ward19,2012,Aberdeenshire,Mearns Ward,4,7,data/scottish_vote_tables/7_cands/aberdeenshire_2012_ward19_votes_table.csv,data/scot-elex/07_cands/aberdeenshire_2012_ward19.csv
angus_2012_ward1,2012,Angus,Kirriemuir and Dean,3,4,data/scottish_vote_tables/4_cands/angus_2012_ward1_votes_table.csv,data/scot-elex/04_cands/angus_2012_ward1.csv
angus_2012_ward2,2012,Angus,Brechin and Edzell,3,6,data/scottish_vote_tables/6_cands/angus_2012_ward2_votes_table.csv,data/scot-elex/06_cands/angus_2012_ward2.csv
angus_2012_ward3,2012,Angus,Forfar and District,4,7,data/scottish_vote_tables/7_cands/angus_2012_ward3_votes_table.csv,data/scot-elex/07_cands/angus_2012_ward3.csv
angus_2012_ward4,2012,Angus,Monifieth and Sidlaw,4,6,data/scottish_vote_tables/6_cands/angus_2012_ward4_votes_table.csv,data/scot-elex/06_cands/angus_2012_ward4.csv
angus_2012_ward5,2012,Angus,Carnoustie and District,3,7,data/scottish_vote_tables/7_cands/angus_2012_ward5_votes_table.csv,data/scot-elex/07_cands/angus_2012_ward5.csv
angus_2012_ward6,2012,Angus,Arbroath West and Letham,4,8,data/scottish_vote_tables/8_cands/angus_2012_ward6_votes_table.csv,data/scot-elex/08_cands/angus_2012_ward6.csv
angus_2012_ward7,2012,Angus,Arbroath East and Lunan,4,6,data/scottish_vote_tables/6_cands/angus_2012_ward7_votes_table.csv,data/scot-elex/06_cands/angus_2012_ward7.csv
angus_2012_ward8,2012,Angus,Montrose and District,4,6,data/scottish_vote_tables/6_cands/angus_2012_ward8_votes_table.csv,data/scot-elex/06_cands/angus_2012_ward8.csv
argyll_bute_2012_ward1,2012,Argyll and Bute,SOUTH KINTYRE WARD,3,7,data/scottish_vote_tables/7_cands/argyll_bute_2012_ward1_votes_table.csv,data/scot-elex/07_cands/argyll_bute_2012_ward1.csv
argyll_bute_2012_ward2,2012,Argyll and Bute,KINTYRE AND THE ISLANDS WARD,3,7,data/scottish_vote_tables/7_cands/argyll_bute_2012_ward2_votes_table.csv,data/scot-elex/07_cands/argyll_bute_2012_ward2.csv
argyll_bute_2012_ward3,2012,Argyll and Bute,MID ARGYLL WARD,3,6,data/scottish_vote_tables/6_cands/argyll_bute_2012_ward3_votes_table.csv,data/scot-elex/06_cands/argyll_bute_2012_ward3.csv
argyll_bute_2012_ward4,2012,Argyll and Bute,OBAN SOUTH AND THE ISLES WARD,4,9,data/scottish_vote_tables/9_cands/argyll_bute_2012_ward4_votes_table.csv,data/scot-elex/09_cands/argyll_bute_2012_ward4.csv
argyll_bute_2012_ward5,2012,Argyll and Bute,OBAN NORTH AND LORN WARD,4,10,data/scottish_vote_tables/10_cands/argyll_bute_2012_ward5_votes_table.csv,data/scot-elex/10_cands/argyll_bute_2012_ward5.csv
argyll_bute_2012_ward6,2012,Argyll and Bute,COWAL WARD,3,9,data/scottish_vote_tables/9_cands/argyll_bute_2012_ward6_votes_table.csv,data/scot-elex/09_cands/argyll_bute_2012_ward6.csv
argyll_bute_2012_ward7,2012,Argyll and Bute,DUNOON WARD,3,6,data/scottish_vote_tables/6_cands/argyll_bute_2012_ward7_votes_table.csv,data/scot-elex/06_cands/argyll_bute_2012_ward7.csv
argyll_bute_2012_ward8,2012,Argyll and Bute,ISLE OF BUTE WARD,3,6,data/scottish_vote_tables/6_cands/argyll_bute_2012_ward8_votes_table.csv,data/scot-elex/06_cands/argyll_bute_2012_ward8.csv
argyll_bute_2012_ward9,2012,Argyll and Bute,LOMOND NORTH WARD,3,7,data/scottish_vote_tables/7_cands/argyll_bute_2012_ward9_votes_table.csv,data/scot-elex/07_cands/argyll_bute_2012_ward9.csv
argyll_bute_2012_ward10,2012,Argyll and Bute,HELENSBURGH CENTRAL WARD,4,6,data/scottish_vote_tables/6_cands/argyll_bute_2012_ward10_votes_table.csv,data/scot-elex/06_cands/argyll_bute_2012_ward10.csv
argyll_bute_2012_ward11,2012,Argyll and Bute,HELENSBURGH AND LOMOND SOUTH WARD,3,4,data/scottish_vote_tables/4_cands/argyll_bute_2012_ward11_votes_table.csv,data/scot-elex/04_cands/argyll_bute_2012_ward11.csv
clackmannanshire_2012_ward1,2012,Clackmannanshire,Clackmannanshire West,4,7,data/scottish_vote_tables/7_cands/clackmannanshire_2012_ward1_votes_table.csv,data/scot-elex/07_cands/clackmannanshire_2012_ward1.csv
clackmannanshire_2012_ward2,2012,Clackmannanshire,Clackmannanshire North,4,8,data/scottish_vote_tables/8_cands/clackmannanshire_2012_ward2_votes_table.csv,data/scot-elex/08_cands/clackmannanshire_2012_ward2.csv
clackmannanshire_2012_ward3,2012,Clackmannanshire,Clackmannanshire Central,3,6,data/scottish_vote_tables/6_cands/clackmannanshire_2012_ward3_votes_table.csv,data/scot-elex/06_cands/clackmannanshire_2012_ward3.csv
clackmannanshire_2012_ward4,2012,Clackmannanshire,Clackmannanshire South,4,5,data/scottish_vote_tables/5_cands/clackmannanshire_2012_ward4_votes_table.csv,data/scot-elex/05_cands/clackmannanshire_2012_ward4.csv
clackmannanshire_2012_ward5,2012,Clackmannanshire,Clackmannanshire East,3,4,data/scottish_vote_tables/4_cands/clackmannanshire_2012_ward5_votes_table.csv,data/scot-elex/04_cands/clackmannanshire_2012_ward5.csv
dumgal_2012_ward1,2012,Dumfries and Galloway,Stranraer and North Rhins Ward,3,4,data/scottish_vote_tables/4_cands/dumgal_2012_ward1_votes_table.csv,data/scot-elex/04_cands/dumgal_2012_ward1.csv
dumgal_2012_ward2,2012,Dumfries and Galloway,Wigtown West Ward,3,4,data/scottish_vote_tables/4_cands/dumgal_2012_ward2_votes_table.csv,data/scot-elex/04_cands/dumgal_2012_ward2.csv
dumgal_2012_ward3,2012,Dumfries and Galloway,Mid Galloway Ward,3,6,data/scottish_vote_tables/6_cands/dumgal_2012_ward3_votes_table.csv,data/scot-elex/06_cands/dumgal_2012_ward3.csv
dumgal_2012_ward4,2012,Dumfries and Galloway,Dee Ward,3,8,data/scottish_vote_tables/8_cands/dumgal_2012_ward4_votes_table.csv,data/scot-elex/08_cands/dumgal_2012_ward4.csv
dumgal_2012_ward5,2012,Dumfries and Galloway,Castle Douglas and Glenkens Ward,3,7,data/scottish_vote_tables/7_cands/dumgal_2012_ward5_votes_table.csv,data/scot-elex/07_cands/dumgal_2012_ward5.csv
dumgal_2012_ward6,2012,Dumfries and Galloway,Abbey Ward,4,6,data/scottish_vote_tables/6_cands/dumgal_2012_ward6_votes_table.csv,data/scot-elex/06_cands/dumgal_2012_ward6.csv
dumgal_2012_ward7,2012,Dumfries and Galloway,North West Dumfries Ward,4,5,data/scottish_vote_tables/5_cands/dumgal_2012_ward7_votes_table.csv,data/scot-elex/05_cands/dumgal_2012_ward7.csv
dumgal_2012_ward8,2012,Dumfries and Galloway,Mid and Upper Nithsdale Ward,4,6,data/scottish_vote_tables/6_cands/dumgal_2012_ward8_votes_table.csv,data/scot-elex/06_cands/dumgal_2012_ward8.csv
dumgal_2012_ward9,2012,Dumfries and Galloway,Lochar Ward,4,5,data/scottish_vote_tables/5_cands/dumgal_2012_ward9_votes_table.csv,data/scot-elex/05_cands/dumgal_2012_ward9.csv
dumgal_2012_ward10,2012,Dumfries and Galloway,Nith Ward,4,8,data/scottish_vote_tables/8_cands/dumgal_2012_ward10_votes_table.csv,data/scot-elex/08_cands/dumgal_2012_ward10.csv
dumgal_2012_ward11,2012,Dumfries and Galloway,Annandale South Ward,4,7,data/scottish_vote_tables/7_cands/dumgal_2012_ward11_votes_table.csv,data/scot-elex/07_cands/dumgal_2012_ward11.csv
dumgal_2012_ward12,2012,Dumfries and Galloway,Annandale North Ward,4,7,data/scottish_vote_tables/7_cands/dumgal_2012_ward12_votes_table.csv,data/scot-elex/07_cands/dumgal_2012_ward12.csv
dumgal_2012_ward13,2012,Dumfries and Galloway,Annandale East and Eskdale Ward,4,9,data/scottish_vote_tables/9_cands/dumgal_2012_ward13_votes_table.csv,data/scot-elex/09_cands/dumgal_2012_ward13.csv
dundee_2012_ward1,2012,Dundee,Strathmartine Ward,4,9,data/scottish_vote_tables/9_cands/dundee_2012_ward1_votes_table.csv,data/scot-elex/09_cands/dundee_2012_ward1.csv
dundee_2012_ward2,2012,Dundee,Lochee Ward,4,9,data/scottish_vote_tables/9_cands/dundee_2012_ward2_votes_table.csv,data/scot-elex/09_cands/dundee_2012_ward2.csv
dundee_2012_ward3,2012,Dundee,West End Ward,4,7,data/scottish_vote_tables/7_cands/dundee_2012_ward3_votes_table.csv,data/scot-elex/07_cands/dundee_2012_ward3.csv
dundee_2012_ward4,2012,Dundee,Coldside Ward,4,9,data/scottish_vote_tables/9_cands/dundee_2012_ward4_votes_table.csv,data/scot-elex/09_cands/dundee_2012_ward4.csv
dundee_2012_ward5,2012,Dundee,Maryfield Ward,3,7,data/scottish_vote_tables/7_cands/dundee_2012_ward5_votes_table.csv,data/scot-elex/07_cands/dundee_2012_ward5.csv
dundee_2012_ward6,2012,Dundee,North East Ward,3,8,data/scottish_vote_tables/8_cands/dundee_2012_ward6_votes_table.csv,data/scot-elex/08_cands/dundee_2012_ward6.csv
dundee_2012_ward7,2012,Dundee,East End Ward,3,7,data/scottish_vote_tables/7_cands/dundee_2012_ward7_votes_table.csv,data/scot-elex/07_cands/dundee_2012_ward7.csv
dundee_2012_ward8,2012,Dundee,The Ferry Ward,4,6,data/scottish_vote_tables/6_cands/dundee_2012_ward8_votes_table.csv,data/scot-elex/06_cands/dundee_2012_ward8.csv
east_ayrshire_2012_ward1,2012,East Ayrshire,Ward 1 Annick,3,6,data/scottish_vote_tables/6_cands/east_ayrshire_2012_ward1_votes_table.csv,data/scot-elex/06_cands/east_ayrshire_2012_ward1.csv
east_ayrshire_2012_ward2,2012,East Ayrshire,Ward 2 Kilmarnock North,3,4,data/scottish_vote_tables/4_cands/east_ayrshire_2012_ward2_votes_table.csv,data/scot-elex/04_cands/east_ayrshire_2012_ward2.csv
east_ayrshire_2012_ward3,2012,East Ayrshire,Ward 3 Kilmarnock West and Crosshouse,4,6,data/scottish_vote_tables/6_cands/east_ayrshire_2012_ward3_votes_table.csv,data/scot-elex/06_cands/east_ayrshire_2012_ward3.csv
east_ayrshire_2012_ward4,2012,East Ayrshire,Kilmarnock East and Hurlford,4,5,data/scottish_vote_tables/5_cands/east_ayrshire_2012_ward4_votes_table.csv,data/scot-elex/05_cands/east_ayrshire_2012_ward4.csv
east_ayrshire_2012_ward5,2012,East Ayrshire,Ward 5 Kilmarnock South,3,5,data/scottish_vote_tables/5_cands/east_ayrshire_2012_ward5_votes_table.csv,data/scot-elex/05_cands/east_ayrshire_2012_ward5.csv
east_ayrshire_2012_ward6,2012,East Ayrshire,Ward 6 Irvine Valley,4,5,data/scottish_vote_tables/5_cands/east_ayrshire_2012_ward6_votes_table.csv,data/scot-elex/05_cands/east_ayrshire_2012_ward6.csv
east_ayrshire_2012_ward7,2012,East Ayrshire,Ward 7 Ballochmyle,4,6,data/scottish_vote_tables/6_cands/east_ayrshire_2012_ward7_votes_table.csv,data/scot-elex/06_cands/east_ayrshire_2012_ward7.csv
east_ayrshire_2012_ward8,2012,East Ayrshire,Ward 8 Cumnock and New Cumnock,4,8,data/scottish_vote_tables/8_cands/east_ayrshire_2012_ward8_votes_table.csv,data/scot-elex/08_cands/east_ayrshire_2012_ward8.csv
east_ayrshire_2012_ward9,2012,East Ayrshire,Ward 9 Doon Valley,3,6,data/scottish_vote_tables/6_cands/east_ayrshire_2012_ward9_votes_table.csv,data/scot-elex/06_cands/east_ayrshire_2012_ward9.csv
east_dunbartonshire_2012_ward1,2012,East Dunbartonshire,Milngavie,3,4,data/scottish_vote_tables/4_cands/east_dunbartonshire_2012_ward1_votes_table.csv,data/scot-elex/04_cands/east_dunbartonshire_2012_ward1.csv
east_dunbartonshire_2012_ward2,2012,East Dunbartonshire,Bearsden North,3,8,data/scottish_vote_tables/8_cands/east_dunbartonshire_2012_ward2_votes_table.csv,data/scot-elex/08_cands/east_dunbartonshire_2012_ward2.csv
east_dunbartonshire_2012_ward3,2012,East Dunbartonshire,Bearsden South,3,6,data/scottish_vote_tables/6_cands/east_dunbartonshire_2012_ward3_votes_table.csv,data/scot-elex/06_cands/east_dunbartonshire_2012_ward3.csv
east_dunbartonshire_2012_ward4,2012,East Dunbartonshire,Campsie and Kirkintilloch North,3,5,data/scottish_vote_tables/5_cands/east_dunbartonshire_2012_ward4_votes_table.csv,data/scot-elex/05_cands/east_dunbartonshire_2012_ward4.csv
east_dunbartonshire_2012_ward5,2012,East Dunbartonshire,Bishopbriggs North and Torrance,3,5,data/scottish_vote_tables/5_cands/east_dunbartonshire_2012_ward5_votes_table.csv,data/scot-elex/05_cands/east_dunbartonshire_2012_ward5.csv
east_dunbartonshire_2012_ward6,2012,East Dunbartonshire,Bishopbriggs South,3,6,data/scottish_vote_tables/6_cands/east_dunbartonshire_2012_ward6_votes_table.csv,data/scot-elex/06_cands/east_dunbartonshire_2012_ward6.csv
east_dunbartonshire_2012_ward7,2012,East Dunbartonshire,Lenzie and Kirkintilloch South,3,4,data/scottish_vote_tables/4_cands/east_dunbartonshire_2012_ward7_votes_table.csv,data/scot-elex/04_cands/east_dunbartonshire_2012_ward7.csv
east_dunbartonshire_2012_ward8,2012,East Dunbartonshire,Kirkintilloch East and Twechar,3,7,data/scottish_vote_tables/7_cands/east_dunbartonshire_2012_ward8_votes_table.csv,data/scot-elex/07_cands/east_dunbartonshire_2012_ward8.csv
east_lothian_2012_ward1,2012,East Lothian,Ward 1 Musselburgh West,3,7,data/scottish_vote_tables/7_cands/east_lothian_2012_ward1_votes_table.csv,data/scot-elex/07_cands/east_lothian_2012_ward1.csv
east_lothian_2012_ward2,2012,East Lothian,Ward 2 Musselburgh East and Carberry,3,5,data/scottish_vote_tables/5_cands/east_lothian_2012_ward2_votes_table.csv,data/scot-elex/05_cands/east_lothian_2012_ward2.csv
east_lothian_2012_ward3,2012,East Lothian,Ward 3 Preston - Seton - Gosford,4,7,data/scottish_vote_tables/7_cands/east_lothian_2012_ward3_votes_table.csv,data/scot-elex/07_cands/east_lothian_2012_ward3.csv
east_lothian_2012_ward4,2012,East Lothian,Ward 4 Fa'side,4,7,data/scottish_vote_tables/7_cands/east_lothian_2012_ward4_votes_table.csv,data/scot-elex/07_cands/east_lothian_2012_ward4.csv
east_lothian_2012_ward5,2012,East Lothian,Ward 5 North Berwick Coastal,3,6,data/scottish_vote_tables/6_cands/east_lothian_2012_ward5_votes_table.csv,data/scot-elex/06_cands/east_lothian_2012_ward5.csv
east_lothian_2012_ward6,2012,East Lothian,Ward 6 Haddington and Lammermuir,3,6,data/scottish_vote_tables/6_cands/east_lothian_2012_ward6_votes_table.csv,data/scot-elex/06_cands/east_lothian_2012_ward6.csv
east_lothian_2012_ward7,2012,East Lothian,Ward 7 Dunbar and East Linton,3,6,data/scottish_vote_tables/6_cands/east_lothian_2012_ward7_votes_table.csv,data/scot-elex/06_cands/east_lothian_2012_ward7.csv
east_renfrewshire_2012_ward1,2012,East Renfrewshire,Neilston Uplawmoor and Newton Mearns North Ward,4,9,data/scottish_vote_tables/9_cands/east_renfrewshire_2012_ward1_votes_table.csv,data/scot-elex/09_cands/east_renfrewshire_2012_ward1.csv
east_renfrewshire_2012_ward2,2012,East Renfrewshire,Barrhead Ward,4,8,data/scottish_vote_tables/8_cands/east_renfrewshire_2012_ward2_votes_table.csv,data/scot-elex/08_cands/east_renfrewshire_2012_ward2.csv
east_renfrewshire_2012_ward3,2012,East Renfrewshire,Giffnock and Thornliebank Ward,3,5,data/scottish_vote_tables/5_cands/east_renfrewshire_2012_ward3_votes_table.csv,data/scot-elex/05_cands/east_renfrewshire_2012_ward3.csv
east_renfrewshire_2012_ward4,2012,East Renfrewshire,Netherlee Stamperland and Williamwood Ward,3,5,data/scottish_vote_tables/5_cands/east_renfrewshire_2012_ward4_votes_table.csv,data/scot-elex/05_cands/east_renfrewshire_2012_ward4.csv
east_renfrewshire_2012_ward5,2012,East Renfrewshire,Newton Mearns South Ward,3,7,data/scottish_vote_tables/7_cands/east_renfrewshire_2012_ward5_votes_table.csv,data/scot-elex/07_cands/east_renfrewshire_2012_ward5.csv
east_renfrewshire_2012_ward6,2012,East Renfrewshire,Busby Clarkston and Eaglesham Ward,3,6,data/scottish_vote_tables/6_cands/east_renfrewshire_2012_ward6_votes_table.csv,data/scot-elex/06_cands/east_renfrewshire_2012_ward6.csv
edinburgh_2012_ward1,2012,City of Edinburgh,Almond Ward,3,7,data/scottish_vote_tables/7_cands/edinburgh_2012_ward1_votes_table.csv,data/scot-elex/07_cands/edinburgh_2012_ward1.csv
edinburgh_2012_ward2,2012,City of Edinburgh,Pentland Hills Ward,3,7,data/scottish_vote_tables/7_cands/edinburgh_2012_ward2_votes_table.csv,data/scot-elex/07_cands/edinburgh_2012_ward2.csv
edinburgh_2012_ward3,2012,City of Edinburgh,Drum Brae_Gyle Ward,3,8,data/scottish_vote_tables/8_cands/edinburgh_2012_ward3_votes_table.csv,data/scot-elex/08_cands/edinburgh_2012_ward3.csv
edinburgh_2012_ward4,2012,City of Edinburgh,Forth Ward,4,9,data/scottish_vote_tables/9_cands/edinburgh_2012_ward4_votes_table.csv,data/scot-elex/09_cands/edinburgh_2012_ward4.csv
edinburgh_2012_ward5,2012,City of Edinburgh,Inverleith Ward,4,7,data/scottish_vote_tables/7_cands/edinburgh_2012_ward5_votes_table.csv,data/scot-elex/07_cands/edinburgh_2012_ward5.csv
edinburgh_2012_ward6,2012,City of Edinburgh,Corstorphine_Murrayfield Ward,3,6,data/scottish_vote_tables/6_cands/edinburgh_2012_ward6_votes_table.csv,data/scot-elex/06_cands/edinburgh_2012_ward6.csv
edinburgh_2012_ward7,2012,City of Edinburgh,Sighthill_Gorgie Ward,4,7,data/scottish_vote_tables/7_cands/edinburgh_2012_ward7_votes_table.csv,data/scot-elex/07_cands/edinburgh_2012_ward7.csv
edinburgh_2012_ward8,2012,City of Edinburgh,Colinton_Fairmilehead Ward,3,7,data/scottish_vote_tables/7_cands/edinburgh_2012_ward8_votes_table.csv,data/scot-elex/07_cands/edinburgh_2012_ward8.csv
edinburgh_2012_ward9,2012,City of Edinburgh,Fountainbridge_Craiglockhart Ward,3,6,data/scottish_vote_tables/6_cands/edinburgh_2012_ward9_votes_table.csv,data/scot-elex/06_cands/edinburgh_2012_ward9.csv
edinburgh_2012_ward10,2012,City of Edinburgh,Meadows_Morningside Ward,4,7,data/scottish_vote_tables/7_cands/edinburgh_2012_ward10_votes_table.csv,data/scot-elex/07_cands/edinburgh_2012_ward10.csv
edinburgh_2012_ward11,2012,City of Edinburgh,City Centre Ward,3,6,data/scottish_vote_tables/6_cands/edinburgh_2012_ward11_votes_table.csv,data/scot-elex/06_cands/edinburgh_2012_ward11.csv
edinburgh_2012_ward12,2012,City of Edinburgh,Leith Walk Ward,4,11,data/scottish_vote_tables/11_cands/edinburgh_2012_ward12_votes_table.csv,data/scot-elex/11_cands/edinburgh_2012_ward12.csv
edinburgh_2012_ward13,2012,City of Edinburgh,Leith Ward,3,7,data/scottish_vote_tables/7_cands/edinburgh_2012_ward13_votes_table.csv,data/scot-elex/07_cands/edinburgh_2012_ward13.csv
edinburgh_2012_ward14,2012,City of Edinburgh,Craigentinny_Duddingston Ward,3,8,data/scottish_vote_tables/8_cands/edinburgh_2012_ward14_votes_table.csv,data/scot-elex/08_cands/edinburgh_2012_ward14.csv
edinburgh_2012_ward15,2012,City of Edinburgh,Southside_Newington Ward,4,8,data/scottish_vote_tables/8_cands/edinburgh_2012_ward15_votes_table.csv,data/scot-elex/08_cands/edinburgh_2012_ward15.csv
edinburgh_2012_ward16,2012,City of Edinburgh,Liberton_Gilmerton Ward,4,8,data/scottish_vote_tables/8_cands/edinburgh_2012_ward16_votes_table.csv,data/scot-elex/08_cands/edinburgh_2012_ward16.csv
edinburgh_2012_ward17,2012,City of Edinburgh,Portobello_Craigmillar Ward,3,8,data/scottish_vote_tables/8_cands/edinburgh_2012_ward17_votes_table.csv,data/scot-elex/08_cands/edinburgh_2012_ward17.csv
eilean_siar_2012_ward1,2012,Na h-Eileanan Siar,"Barraigh, Bhatarsaigh Eirisgeigh Agus Uibhist A Deas",4,11,data/scottish_vote_tables/11_cands/eilean_siar_2012_ward1_votes_table.csv,data/scot-elex/11_cands/eilean_siar_2012_ward1.csv
eilean_siar_2012_ward2,2012,Na h-Eileanan Siar,Beinn Na Foghla Agus Uibhist A Tuath,3,6,data/scottish_vote_tables/6_cands/eilean_siar_2012_ward2_votes_table.csv,data/scot-elex/06_cands/eilean_siar_2012_ward2.csv
eilean_siar_2012_ward3,2012,Na h-Eileanan Siar,Na Hearadh Agus Ceann A Deas Nan Loch,3,4,data/scottish_vote_tables/4_cands/eilean_siar_2012_ward3_votes_table.csv,data/scot-elex/04_cands/eilean_siar_2012_ward3.csv
eilean_siar_2012_ward4,2012,Na h-Eileanan Siar,Sgir' Uige Agus Ceann A Tuath Nan Loch,3,7,data/scottish_vote_tables/7_cands/eilean_siar_2012_ward4_votes_table.csv,data/scot-elex/07_cands/eilean_siar_2012_ward4.csv
eilean_siar_2012_ward5,2012,Na h-Eileanan Siar,Sgire An Rubha,3,7,data/scottish_vote_tables/7_cands/eilean_siar_2012_ward5_votes_table.csv,data/scot-elex/07_cands/eilean_siar_2012_ward5.csv
eilean_siar_2012_ward6,2012,Na h-Eileanan Siar,Steornabhagh a Deas,4,7,data/scottish_vote_tables/7_cands/eilean_siar_2012_ward6_votes_table.csv,data/scot-elex/07_cands/eilean_siar_2012_ward6.csv
eilean_siar_2012_ward7,2012,Na h-Eileanan Siar,Steornabhagh a Tuath,4,10,data/scottish_vote_tables/10_cands/eilean_siar_2012_ward7_votes_table.csv,data/scot-elex/10_cands/eilean_siar_2012_ward7.csv
eilean_siar_2012_ward8,2012,Na h-Eileanan Siar,Loch a Tuath,3,5,data/scottish_vote_tables/5_cands/eilean_siar_2012_ward8_votes_table.csv,data/scot-elex/05_cands/eilean_siar_2012_ward8.csv
eilean_siar_2012_ward9,2012,Na h-Eileanan Siar,An Taobh Siar agus Nis,4,6,data/scottish_vote_tables/6_cands/eilean_siar_2012_ward9_votes_table.csv,data/scot-elex/06_cands/eilean_siar_2012_ward9.csv
falkirk_2012_ward1,2012,Falkirk,Bo'ness and Blackness,3,5,data/scottish_vote_tables/5_cands/falkirk_2012_ward1_votes_table.csv,data/scot-elex/05_cands/falkirk_2012_ward1.csv
falkirk_2012_ward2,2012,Falkirk,Grangemouth,4,8,data/scottish_vote_tables/8_cands/falkirk_2012_ward2_votes_table.csv,data/scot-elex/08_cands/falkirk_2012_ward2.csv
falkirk_2012_ward3,2012,Falkirk,Denny and Banknock,4,8,data/scottish_vote_tables/8_cands/falkirk_2012_ward3_votes_table.csv,data/scot-elex/08_cands/falkirk_2012_ward3.csv
falkirk_2012_ward4,2012,Falkirk,"Carse, Kinnaird and Tryst",4,5,data/scottish_vote_tables/5_cands/falkirk_2012_ward4_votes_table.csv,data/scot-elex/05_cands/falkirk_2012_ward4.csv
falkirk_2012_ward5,2012,Falkirk,Bonnybridge and Larbert,3,6,data/scottish_vote_tables/6_cands/falkirk_2012_ward5_votes_table.csv,data/scot-elex/06_cands/falkirk_2012_ward5.csv
falkirk_2012_ward6,2012,Falkirk,Falkirk North,4,5,data/scottish_vote_tables/5_cands/falkirk_2012_ward6_votes_table.csv,data/scot-elex/05_cands/falkirk_2012_ward6.csv
falkirk_2012_ward7,2012,Falkirk,Falkirk South,4,7,data/scottish_vote_tables/7_cands/falkirk_2012_ward7_votes_table.csv,data/scot-elex/07_cands/falkirk_2012_ward7.csv
falkirk_2012_ward8,2012,Falkirk,Lower Braes,3,4,data/scottish_vote_tables/4_cands/falkirk_2012_ward8_votes_table.csv,data/scot-elex/04_cands/falkirk_2012_ward8.csv
falkirk_2012_ward9,2012,Falkirk,Upper Braes,3,5,data/scottish_vote_tables/5_cands/falkirk_2012_ward9_votes_table.csv,data/scot-elex/05_cands/falkirk_2012_ward9.csv
fife_2012_ward1,2012,Fife,West Fife And Coastal Villages Ward,4,8,data/scottish_vote_tables/8_cands/fife_2012_ward1_votes_table.csv,data/scot-elex/08_cands/fife_2012_ward1.csv
fife_2012_ward2,2012,Fife,Dunfermline North Ward,3,5,data/scottish_vote_tables/5_cands/fife_2012_ward2_votes_table.csv,data/scot-elex/05_cands/fife_2012_ward2.csv
fife_2012_ward3,2012,Fife,Dunfermline Central Ward,4,7,data/scottish_vote_tables/7_cands/fife_2012_ward3_votes_table.csv,data/scot-elex/07_cands/fife_2012_ward3.csv
fife_2012_ward4,2012,Fife,Dunfermline South Ward,4,7,data/scottish_vote_tables/7_cands/fife_2012_ward4_votes_table.csv,data/scot-elex/07_cands/fife_2012_ward4.csv
fife_2012_ward5,2012,Fife,Rosyth Ward,3,8,data/scottish_vote_tables/8_cands/fife_2012_ward5_votes_table.csv,data/scot-elex/08_cands/fife_2012_ward5.csv
fife_2012_ward6,2012,Fife,Inverkeithing And Dalgety Bay Ward,4,7,data/scottish_vote_tables/7_cands/fife_2012_ward6_votes_table.csv,data/scot-elex/07_cands/fife_2012_ward6.csv
fife_2012_ward7,2012,Fife,The Lochs Ward,3,6,data/scottish_vote_tables/6_cands/fife_2012_ward7_votes_table.csv,data/scot-elex/06_cands/fife_2012_ward7.csv
fife_2012_ward8,2012,Fife,Cowdenbeath Ward,3,6,data/scottish_vote_tables/6_cands/fife_2012_ward8_votes_table.csv,data/scot-elex/06_cands/fife_2012_ward8.csv
fife_2012_ward9,2012,Fife,Lochgelly And Cardenden Ward,3,5,data/scottish_vote_tables/5_cands/fife_2012_ward9_votes_table.csv,data/scot-elex/05_cands/fife_2012_ward9.csv
fife_2012_ward10,2012,Fife,Burntisland Kinghorn And Western Kirkcaldy Ward,3,9,data/scottish_vote_tables/9_cands/fife_2012_ward10_votes_table.csv,data/scot-elex/09_cands/fife_2012_ward10.csv
fife_2012_ward11,2012,Fife,Kirkcaldy North Ward,3,7,data/scottish_vote_tables/7_cands/fife_2012_ward11_votes_table.csv,data/scot-elex/07_cands/fife_2012_ward11.csv
fife_2012_ward12,2012,Fife,Kirkcaldy Central Ward,3,6,data/scottish_vote_tables/6_cands/fife_2012_ward12_votes_table.csv,data/scot-elex/06_cands/fife_2012_ward12.csv
fife_2012_ward13,2012,Fife,Kirkcaldy East Ward,3,7,data/scottish_vote_tables/7_cands/fife_2012_ward13_votes_table.csv,data/scot-elex/07_cands/fife_2012_ward13.csv
fife_2012_ward14,2012,Fife,Glenrothes West And Kinglassie Ward,4,10,data/scottish_vote_tables/10_cands/fife_2012_ward14_votes_table.csv,data/scot-elex/10_cands/fife_2012_ward14.csv
fife_2012_ward15,2012,Fife,Glenrothes North Leslie And Markinch Ward,4,8,data/scottish_vote_tables/8_cands/fife_2012_ward15_votes_table.csv,data/scot-elex/08_cands/fife_2012_ward15.csv
fife_2012_ward16,2012,Fife,Glenrothes Central And Thornton Ward,3,7,data/scottish_vote_tables/7_cands/fife_2012_ward16_votes_table.csv,data/scot-elex/07_cands/fife_2012_ward16.csv
fife_2012_ward17,2012,Fife,Howe Of Fife And Tay Coast Ward,3,7,data/scottish_vote_tables/7_cands/fife_2012_ward17_votes_table.csv,data/scot-elex/07_cands/fife_2012_ward17.csv
fife_2012_ward18,2012,Fife,Tay Bridgehead Ward,3,5,data/scottish_vote_tables/5_cands/fife_2012_ward18_votes_table.csv,data/scot-elex/05_cands/fife_2012_ward18.csv
fife_2012_ward19,2012,Fife,St Andrews Ward,4,9,data/scottish_vote_tables/9_cands/fife_2012_ward19_votes_table.csv,data/scot-elex/09_cands/fife_2012_ward19.csv
fife_2012_ward20,2012,Fife,East Neuk And Landward Ward,3,6,data/scottish_vote_tables/6_cands/fife_2012_ward20_votes_table.csv,data/scot-elex/06_cands/fife_2012_ward20.csv
fife_2012_ward21,2012,Fife,Cupar Ward,3,5,data/scottish_vote_tables/5_cands/fife_2012_ward21_votes_table.csv,data/scot-elex/05_cands/fife_2012_ward21.csv
fife_2012_ward22,2012,Fife,Leven Kennoway And Largo Ward,4,8,data/scottish_vote_tables/8_cands/fife_2012_ward22_votes_table.csv,data/scot-elex/08_cands/fife_2012_ward22.csv
fife_2012_ward23,2012,Fife,Buckhaven Methil And Wemyss Villages Ward,4,9,data/scottish_vote_tables/9_cands/fife_2012_ward23_votes_table.csv,data/scot-elex/09_cands/fife_2012_ward23.csv
glasgow_2012_ward1,2012,Glasgow,Ward 1 Linn,4,9,data/scottish_vote_tables/9_cands/glasgow_2012_ward1_votes_table.csv,data/scot-elex/09_cands/glasgow_2012_ward1.csv
glasgow_2012_ward2,2012,Glasgow,Ward 2 Newlands-Auldburn,3,11,data/scottish_vote_tables/11_cands/glasgow_2012_ward2_votes_table.csv,data/scot-elex/11_cands/glasgow_2012_ward2.csv
glasgow_2012_ward3,2012,Glasgow,Ward 3 Greater Pollok,4,11,data/scottish_vote_tables/11_cands/glasgow_2012_ward3_votes_table.csv,data/scot-elex/11_cands/glasgow_2012_ward3.csv
glasgow_2012_ward4,2012,Glasgow,Ward 4 Craigton,4,10,data/scottish_vote_tables/10_cands/glasgow_2012_ward4_votes_table.csv,data/scot-elex/10_cands/glasgow_2012_ward4.csv
glasgow_2012_ward5,2012,Glasgow,Ward 5 Govan,4,14,data/scottish_vote_tables/14_cands/glasgow_2012_ward5_votes_table.csv,data/scot-elex/14_cands/glasgow_2012_ward5.csv
glasgow_2012_ward6,2012,Glasgow,Ward 6 Pollokshields,3,8,data/scottish_vote_tables/8_cands/glasgow_2012_ward6_votes_table.csv,data/scot-elex/08_cands/glasgow_2012_ward6.csv
glasgow_2012_ward7,2012,Glasgow,Ward 7 Langside,3,8,data/scottish_vote_tables/8_cands/glasgow_2012_ward7_votes_table.csv,data/scot-elex/08_cands/glasgow_2012_ward7.csv
glasgow_2012_ward8,2012,Glasgow,Ward 8 Southside Central,4,10,data/scottish_vote_tables/10_cands/glasgow_2012_ward8_votes_table.csv,data/scot-elex/10_cands/glasgow_2012_ward8.csv
glasgow_2012_ward9,2012,Glasgow,Ward 9 Calton,3,13,data/scottish_vote_tables/13_cands/glasgow_2012_ward9_votes_table.csv,data/scot-elex/13_cands/glasgow_2012_ward9.csv
glasgow_2012_ward10,2012,Glasgow,Ward 10 Anderston-City,4,11,data/scottish_vote_tables/11_cands/glasgow_2012_ward10_votes_table.csv,data/scot-elex/11_cands/glasgow_2012_ward10.csv
glasgow_2012_ward11,2012,Glasgow,Ward 11 Hillhead,4,13,data/scottish_vote_tables/13_cands/glasgow_2012_ward11_votes_table.csv,data/scot-elex/13_cands/glasgow_2012_ward11.csv
glasgow_2012_ward12,2012,Glasgow,Ward 12 Partick West,4,13,data/scottish_vote_tables/13_cands/glasgow_2012_ward12_votes_table.csv,data/scot-elex/13_cands/glasgow_2012_ward12.csv
glasgow_2012_ward13,2012,Glasgow,Ward 13 Garscadden-Scotstounhill,4,13,data/scottish_vote_tables/13_cands/glasgow_2012_ward13_votes_table.csv,data/scot-elex/13_cands/glasgow_2012_ward13.csv
glasgow_2012_ward14,2012,Glasgow,Ward 14 Drumchapel-Anniesland,4,11,data/scottish_vote_tables/11_cands/glasgow_2012_ward14_votes_table.csv,data/scot-elex/11_cands/glasgow_2012_ward14.csv
glasgow_2012_ward15,2012,Glasgow,Ward 15 Maryhill-Kelvin,4,8,data/scottish_vote_tables/8_cands/glasgow_2012_ward15_votes_table.csv,data/scot-elex/08_cands/glasgow_2012_ward15.csv
glasgow_2012_ward16,2012,Glasgow,Ward 16 Canal,4,12,data/scottish_vote_tables/12_cands/glasgow_2012_ward16_votes_table.csv,data/scot-elex/12_cands/glasgow_2012_ward16.csv
glasgow_2012_ward17,2012,Glasgow,Ward 17 Springburn,3,10,data/scottish_vote_tables/10_cands/glasgow_2012_ward17_votes_table.csv,data/scot-elex/10_cands/glasgow_2012_ward17.csv
glasgow_2012_ward18,2012,Glasgow,Ward 18 East Centre,4,11,data/scottish_vote_tables/11_cands/glasgow_2012_ward18_votes_table.csv,data/scot-elex/11_cands/glasgow_2012_ward18.csv
glasgow_2012_ward19,2012,Glasgow,Ward 19 Shettleston,4,10,data/scottish_vote_tables/10_cands/glasgow_2012_ward19_votes_table.csv,data/scot-elex/10_cands/glasgow_2012_ward19.csv
glasgow_2012_ward20,2012,Glasgow,Ward 20 Baillieston,4,10,data/scottish_vote_tables/10_cands/glasgow_2012_ward20_votes_table.csv,data/scot-elex/10_cands/glasgow_2012_ward20.csv
glasgow_2012_ward21,2012,Glasgow,Ward 21 North East,4,9,data/scottish_vote_tables/9_cands/glasgow_2012_ward21_votes_table.csv,data/scot-elex/09_cands/glasgow_2012_ward21.csv
highland_2012_ward1,2012,Highland,North West and Central Sutherland Ward,3,9,data/scottish_vote_tables/9_cands/highland_2012_ward1_votes_table.csv,data/scot-elex/09_cands/highland_2012_ward1.csv
highland_2012_ward2,2012,Highland,Thurso Ward,3,7,data/scottish_vote_tables/7_cands/highland_2012_ward2_votes_table.csv,data/scot-elex/07_cands/highland_2012_ward2.csv
highland_2012_ward3,2012,Highland,Wick Ward,3,5,data/scottish_vote_tables/5_cands/highland_2012_ward3_votes_table.csv,data/scot-elex/05_cands/highland_2012_ward3.csv
highland_2012_ward4,2012,Highland,Landward Caithness Ward,4,8,data/scottish_vote_tables/8_cands/highland_2012_ward4_votes_table.csv,data/scot-elex/08_cands/highland_2012_ward4.csv
highland_2012_ward5,2012,Highland,East Sutherland and Edderton Ward,3,7,data/scottish_vote_tables/7_cands/highland_2012_ward5_votes_table.csv,data/scot-elex/07_cands/highland_2012_ward5.csv
highland_2012_ward6,2012,Highland,Wester Ross Strathpeffer and Lochalsh Ward,4,7,data/scottish_vote_tables/7_cands/highland_2012_ward6_votes_table.csv,data/scot-elex/07_cands/highland_2012_ward6.csv
highland_2012_ward7,2012,Highland,Cromarty Firth Ward,4,8,data/scottish_vote_tables/8_cands/highland_2012_ward7_votes_table.csv,data/scot-elex/08_cands/highland_2012_ward7.csv
highland_2012_ward8,2012,Highland,Tain and Easter Ross Ward,3,8,data/scottish_vote_tables/8_cands/highland_2012_ward8_votes_table.csv,data/scot-elex/08_cands/highland_2012_ward8.csv
highland_2012_ward9,2012,Highland,Dingwall and Seaforth Ward,4,10,data/scottish_vote_tables/10_cands/highland_2012_ward9_votes_table.csv,data/scot-elex/10_cands/highland_2012_ward9.csv
highland_2012_ward10,2012,Highland,Black Isle Ward,4,10,data/scottish_vote_tables/10_cands/highland_2012_ward10_votes_table.csv,data/scot-elex/10_cands/highland_2012_ward10.csv
highland_2012_ward11,2012,Highland,Eilean a' Che� Ward,4,7,data/scottish_vote_tables/7_cands/highland_2012_ward11_votes_table.csv,data/scot-elex/07_cands/highland_2012_ward11.csv
highland_2012_ward12,2012,Highland,Caol and Mallaig Ward,3,8,data/scottish_vote_tables/8_cands/highland_2012_ward12_votes_table.csv,data/scot-elex/08_cands/highland_2012_ward12.csv
highland_2012_ward13,2012,Highland,Aird and Loch Ness Ward,4,8,data/scottish_vote_tables/8_cands/highland_2012_ward13_votes_table.csv,data/scot-elex/08_cands/highland_2012_ward13.csv
highland_2012_ward14,2012,Highland,Inverness West Ward,3,8,data/scottish_vote_tables/8_cands/highland_2012_ward14_votes_table.csv,data/scot-elex/08_cands/highland_2012_ward14.csv
highland_2012_ward15,2012,Highland,Inverness Central Ward,4,7,data/scottish_vote_tables/7_cands/highland_2012_ward15_votes_table.csv,data/scot-elex/07_cands/highland_2012_ward15.csv
highland_2012_ward16,2012,Highland,Inverness Ness-side Ward,4,7,data/scottish_vote_tables/7_cands/highland_2012_ward16_votes_table.csv,data/scot-elex/07_cands/highland_2012_ward16.csv
highland_2012_ward17,2012,Highland,Inverness Millburn Ward,3,6,data/scottish_vote_tables/6_cands/highland_2012_ward17_votes_table.csv,data/scot-elex/06_cands/highland_2012_ward17.csv
highland_2012_ward18,2012,Highland,Culloden and Ardersier Ward,4,9,data/scottish_vote_tables/9_cands/highland_2012_ward18_votes_table.csv,data/scot-elex/09_cands/highland_2012_ward18.csv
highland_2012_ward19,2012,Highland,Nairn Ward,4,8,data/scottish_vote_tables/8_cands/highland_2012_ward19_votes_table.csv,data/scot-elex/08_cands/highland_2012_ward19.csv
highland_2012_ward20,2012,Highland,Inverness South Ward,4,8,data/scottish_vote_tables/8_cands/highland_2012_ward20_votes_table.csv,data/scot-elex/08_cands/highland_2012_ward20.csv
highland_2012_ward21,2012,Highland,Badenoch and Strathspey Ward,4,7,data/scottish_vote_tables/7_cands/highland_2012_ward21_votes_table.csv,data/scot-elex/07_cands/highland_2012_ward21.csv
highland_2012_ward22,2012,Highland,Fort William and Ardnamurchan Ward,4,8,data/scottish_vote_tables/8_cands/highland_2012_ward22_votes_table.csv,data/scot-elex/08_cands/highland_2012_ward22.csv
inverclyde_2012_ward1,2012,Inverclyde,Ward 1 - Inverclyde East,4,5,data/scottish_vote_tables/5_cands/inverclyde_2012_ward1_votes_table.csv,data/scot-elex/05_cands/inverclyde_2012_ward1.csv
inverclyde_2012_ward2,2012,Inverclyde,Ward 2 - Inverclyde East Central,3,6,data/scottish_vote_tables/6_cands/inverclyde_2012_ward2_votes_table.csv,data/scot-elex/06_cands/inverclyde_2012_ward2.csv
inverclyde_2012_ward3,2012,Inverclyde,Ward 3 - Inverclyde North,4,7,data/scottish_vote_tables/7_cands/inverclyde_2012_ward3_votes_table.csv,data/scot-elex/07_cands/inverclyde_2012_ward3.csv
inverclyde_2012_ward4,2012,Inverclyde,Ward 4 - Inverclyde South,3,6,data/scottish_vote_tables/6_cands/inverclyde_2012_ward4_votes_table.csv,data/scot-elex/06_cands/inverclyde_2012_ward4.csv
inverclyde_2012_ward5,2012,Inverclyde,Ward 5 - Inverclyde West,3,7,data/scottish_vote_tables/7_cands/inverclyde_2012_ward5_votes_table.csv,data/scot-elex/07_cands/inverclyde_2012_ward5.csv
inverclyde_2012_ward6,2012,Inverclyde,Ward 6 - Inverclyde South West,3,7,data/scottish_vote_tables/7_cands/inverclyde_2012_ward6_votes_table.csv,data/scot-elex/07_cands/inverclyde_2012_ward6.csv
midlothian_2012_ward1,2012,Midlothian,Penicui,3,6,data/scottish_vote_tables/6_cands/midlothian_2012_ward1_votes_table.csv,data/scot-elex/06_cands/midlothian_2012_ward1.csv
midlothian_2012_ward2,2012,Midlothian,Bonnyrig0,3,7,data/scottish_vote_tables/7_cands/midlothian_2012_ward2_votes_table.csv,data/scot-elex/07_cands/midlothian_2012_ward2.csv
midlothian_2012_ward3,2012,Midlothian,Dalkeit0,3,7,data/scottish_vote_tables/7_cands/midlothian_2012_ward3_votes_table.csv,data/scot-elex/07_cands/midlothian_2012_ward3.csv
midlothian_2012_ward4,2012,Midlothian,Midlothian Wes0,3,9,data/scottish_vote_tables/9_cands/midlothian_2012_ward4_votes_table.csv,data/scot-elex/09_cands/midlothian_2012_ward4.csv
midlothian_2012_ward5,2012,Midlothian,Midlothian Eas0,3,7,data/scottish_vote_tables/7_cands/midlothian_2012_ward5_votes_table.csv,data/scot-elex/07_cands/midlothian_2012_ward5.csv
midlothian_2012_ward6,2012,Midlothian,Midlothian Sout0,3,5,data/scottish_vote_tables/5_cands/midlothian_2012_ward6_votes_table.csv,data/scot-elex/05_cands/midlothian_2012_ward6.csv
moray_2012_ward1,2012,Moray,Speyside Glenlivet Ward,3,6,data/scottish_vote_tables/6_cands/moray_2012_ward1_votes_table.csv,data/scot-elex/06_cands/moray_2012_ward1.csv
moray_2012_ward2,2012,Moray,Keith and Cullen Ward,3,5,data/scottish_vote_tables/5_cands/moray_2012_ward2_votes_table.csv,data/scot-elex/05_cands/moray_2012_ward2.csv
moray_2012_ward3,2012,Moray,Buckie Ward,3,5,data/scottish_vote_tables/5_cands/moray_2012_ward3_votes_table.csv,data/scot-elex/05_cands/moray_2012_ward3.csv
moray_2012_ward4,2012,Moray,Fochabers Lhanbryde Ward,3,5,data/scottish_vote_tables/5_cands/moray_2012_ward4_votes_table.csv,data/scot-elex/05_cands/moray_2012_ward4.csv
moray_2012_ward5,2012,Moray,Heldon and Laich Ward,4,7,data/scottish_vote_tables/7_cands/moray_2012_ward5_votes_table.csv,data/scot-elex/07_cands/moray_2012_ward5.csv
moray_2012_ward6,2012,Moray,Elgin City North Ward,3,5,data/scottish_vote_tables/5_cands/moray_2012_ward6_votes_table.csv,data/scot-elex/05_cands/moray_2012_ward6.csv
moray_2012_ward7,2012,Moray,Elgin City South Ward,3,4,data/scottish_vote_tables/4_cands/moray_2012_ward7_votes_table.csv,data/scot-elex/04_cands/moray_2012_ward7.csv
moray_2012_ward8,2012,Moray,Forres Ward,4,10,data/scottish_vote_tables/10_cands/moray_2012_ward8_votes_table.csv,data/scot-elex/10_cands/moray_2012_ward8.csv
north_ayrshire_2012_ward1,2012,North Ayrshire,Ward 01 - Irvine West,4,9,data/scottish_vote_tables/9_cands/north_ayrshire_2012_ward1_votes_table.csv,data/scot-elex/09_cands/north_ayrshire_2012_ward1.csv
north_ayrshire_2012_ward2,2012,North Ayrshire,Ward 02 - Irvine East,4,10,data/scottish_vote_tables/10_cands/north_ayrshire_2012_ward2_votes_table.csv,data/scot-elex/10_cands/north_ayrshire_2012_ward2.csv
north_ayrshire_2012_ward3,2012,North Ayrshire,Ward 03 - Kilwinning,4,11,data/scottish_vote_tables/11_cands/north_ayrshire_2012_ward3_votes_table.csv,data/scot-elex/11_cands/north_ayrshire_2012_ward3.csv
north_ayrshire_2012_ward4,2012,North Ayrshire,Ward 04 - Saltcoats and Stevenston,4,8,data/scottish_vote_tables/8_cands/north_ayrshire_2012_ward4_votes_table.csv,data/scot-elex/08_cands/north_ayrshire_2012_ward4.csv
north_ayrshire_2012_ward5,2012,North Ayrshire,Ward 05 - Ardrossan and Arran,4,10,data/scottish_vote_tables/10_cands/north_ayrshire_2012_ward5_votes_table.csv,data/scot-elex/10_cands/north_ayrshire_2012_ward5.csv
north_ayrshire_2012_ward6,2012,North Ayrshire,Ward 06 - Dalry and West Kilbride,3,7,data/scottish_vote_tables/7_cands/north_ayrshire_2012_ward6_votes_table.csv,data/scot-elex/07_cands/north_ayrshire_2012_ward6.csv
north_ayrshire_2012_ward7,2012,North Ayrshire,Ward 07 - Kilbirnie and Beith,3,8,data/scottish_vote_tables/8_cands/north_ayrshire_2012_ward7_votes_table.csv,data/scot-elex/08_cands/north_ayrshire_2012_ward7.csv
north_ayrshire_2012_ward8,2012,North Ayrshire,Ward 08 - North Coast and Cumbraes,4,6,data/scottish_vote_tables/6_cands/north_ayrshire_2012_ward8_votes_table.csv,data/scot-elex/06_cands/north_ayrshire_2012_ward8.csv
north_lanarkshire_2012_ward1,2012,North Lanarkshire,Ward 1 Kilsyth,3,6,data/scottish_vote_tables/6_cands/north_lanarkshire_2012_ward1_votes_table.csv,data/scot-elex/06_cands/north_lanarkshire_2012_ward1.csv
north_lanarkshire_2012_ward2,2012,North Lanarkshire,Ward 2 Cumbernauld North,4,8,data/scottish_vote_tables/8_cands/north_lanarkshire_2012_ward2_votes_table.csv,data/scot-elex/08_cands/north_lanarkshire_2012_ward2.csv
north_lanarkshire_2012_ward3,2012,North Lanarkshire,Ward 3 Cumbernauld South,4,8,data/scottish_vote_tables/8_cands/north_lanarkshire_2012_ward3_votes_table.csv,data/scot-elex/08_cands/north_lanarkshire_2012_ward3.csv
north_lanarkshire_2012_ward4,2012,North Lanarkshire,Ward 4 Abronhill Kildrum and The Village,3,6,data/scottish_vote_tables/6_cands/north_lanarkshire_2012_ward4_votes_table.csv,data/scot-elex/06_cands/north_lanarkshire_2012_ward4.csv
north_lanarkshire_2012_ward5,2012,North Lanarkshire,Ward 5 Strathkelvin,4,7,data/scottish_vote_tables/7_cands/north_lanarkshire_2012_ward5_votes_table.csv,data/scot-elex/07_cands/north_lanarkshire_2012_ward5.csv
north_lanarkshire_2012_ward6,2012,North Lanarkshire,Ward 6 Coatbridge North and Glenboig,4,6,data/scottish_vote_tables/6_cands/north_lanarkshire_2012_ward6_votes_table.csv,data/scot-elex/06_cands/north_lanarkshire_2012_ward6.csv
north_lanarkshire_2012_ward7,2012,North Lanarkshire,Ward 7 Airdrie North,4,7,data/scottish_vote_tables/7_cands/north_lanarkshire_2012_ward7_votes_table.csv,data/scot-elex/07_cands/north_lanarkshire_2012_ward7.csv
north_lanarkshire_2012_ward8,2012,North Lanarkshire,Ward 8 Airdrie Central,3,6,data/scottish_vote_tables/6_cands/north_lanarkshire_2012_ward8_votes_table.csv,data/scot-elex/06_cands/north_lanarkshire_2012_ward8.csv
north_lanarkshire_2012_ward9,2012,North Lanarkshire,Ward 9 Coatbridge West,3,4,data/scottish_vote_tables/4_cands/north_lanarkshire_2012_ward9_votes_table.csv,data/scot-elex/04_cands/north_lanarkshire_2012_ward9.csv
north_lanarkshire_2012_ward10,2012,North Lanarkshire,Ward 10 Coatbridge South,3,5,data/scottish_vote_tables/5_cands/north_lanarkshire_2012_ward10_votes_table.csv,data/scot-elex/05_cands/north_lanarkshire_2012_ward10.csv
north_lanarkshire_2012_ward11,2012,North Lanarkshire,Ward 11 Airdrie South,4,8,data/scottish_vote_tables/8_cands/north_lanarkshire_2012_ward11_votes_table.csv,data/scot-elex/08_cands/north_lanarkshire_2012_ward11.csv
north_lanarkshire_2012_ward12,2012,North Lanarkshire,Ward 12 Fortissat,3,6,data/scottish_vote_tables/6_cands/north_lanarkshire_2012_ward12_votes_table.csv,data/scot-elex/06_cands/north_lanarkshire_2012_ward12.csv
north_lanarkshire_2012_ward13,2012,North Lanarkshire,Ward 13 Thorniewood,3,4,data/scottish_vote_tables/4_cands/north_lanarkshire_2012_ward13_votes_table.csv,data/scot-elex/04_cands/north_lanarkshire_2012_ward13.csv
north_lanarkshire_2012_ward14,2012,North Lanarkshire,Ward 14 Bellshill,3,6,data/scottish_vote_tables/6_cands/north_lanarkshire_2012_ward14_votes_table.csv,data/scot-elex/06_cands/north_lanarkshire_2012_ward14.csv
north_lanarkshire_2012_ward15,2012,North Lanarkshire,Ward 15 Mossend and Holytown,3,6,data/scottish_vote_tables/6_cands/north_lanarkshire_2012_ward15_votes_table.csv,data/scot-elex/06_cands/north_lanarkshire_2012_ward15.csv
north_lanarkshire_2012_ward16,2012,North Lanarkshire,Ward 16 Motherwell West,3,5,data/scottish_vote_tables/5_cands/north_lanarkshire_2012_ward16_votes_table.csv,data/scot-elex/05_cands/north_lanarkshire_2012_ward16.csv
north_lanarkshire_2012_ward17,2012,North Lanarkshire,Ward 17 Motherwell North,4,7,data/scottish_vote_tables/7_cands/north_lanarkshire_2012_ward17_votes_table.csv,data/scot-elex/07_cands/north_lanarkshire_2012_ward17.csv
north_lanarkshire_2012_ward18,2012,North Lanarkshire,Ward 18 Motherwell South East and Ravenscraig,4,9,data/scottish_vote_tables/9_cands/north_lanarkshire_2012_ward18_votes_table.csv,data/scot-elex/09_cands/north_lanarkshire_2012_ward18.csv
north_lanarkshire_2012_ward19,2012,North Lanarkshire,Ward 19 Murdostoun,4,6,data/scottish_vote_tables/6_cands/north_lanarkshire_2012_ward19_votes_table.csv,data/scot-elex/06_cands/north_lanarkshire_2012_ward19.csv
north_lanarkshire_2012_ward20,2012,North Lanarkshire,Ward 20 Wishaw,4,6,data/scottish_vote_tables/6_cands/north_lanarkshire_2012_ward20_votes_table.csv,data/scot-elex/06_cands/north_lanarkshire_2012_ward20.csv
orkney_2012_ward1,2012,Orkney,Kirkwall East,4,8,data/scottish_vote_tables/8_cands/orkney_2012_ward1_votes_table.csv,data/scot-elex/08_cands/orkney_2012_ward1.csv
orkney_2012_ward2,2012,Orkney,Kirkwall West and Orphir,4,11,data/scottish_vote_tables/11_cands/orkney_2012_ward2_votes_table.csv,data/scot-elex/11_cands/orkney_2012_ward2.csv
orkney_2012_ward3,2012,Orkney,Stromness and South Isles,3,7,data/scottish_vote_tables/7_cands/orkney_2012_ward3_votes_table.csv,data/scot-elex/07_cands/orkney_2012_ward3.csv
orkney_2012_ward4,2012,Orkney,West Mainland,4,9,data/scottish_vote_tables/9_cands/orkney_2012_ward4_votes_table.csv,data/scot-elex/09_cands/orkney_2012_ward4.csv
orkney_2012_ward5,2012,Orkney,"East Mainland, South Ronaldsay and Burray",3,7,data/scottish_vote_tables/7_cands/orkney_2012_ward5_votes_table.csv,data/scot-elex/07_cands/orkney_2012_ward5.csv
orkney_2012_ward6,2012,Orkney,North Isles,3,4,data/scottish_vote_tables/4_cands/orkney_2012_ward6_votes_table.csv,data/scot-elex/04_cands/orkney_2012_ward6.csv
perth_kinross_2012_ward1,2012,Perth and Kinross,Carse of Gowrie,3,5,data/scottish_vote_tables/5_cands/perth_kinross_2012_ward1_votes_table.csv,data/scot-elex/05_cands/perth_kinross_2012_ward1.csv
perth_kinross_2012_ward2,2012,Perth and Kinross,Strathmore,4,7,data/scottish_vote_tables/7_cands/perth_kinross_2012_ward2_votes_table.csv,data/scot-elex/07_cands/perth_kinross_2012_ward2.csv
perth_kinross_2012_ward3,2012,Perth and Kinross,Blairgowrie and Glens,3,5,data/scottish_vote_tables/5_cands/perth_kinross_2012_ward3_votes_table.csv,data/scot-elex/05_cands/perth_kinross_2012_ward3.csv
perth_kinross_2012_ward4,2012,Perth and Kinross,Highland,3,7,data/scottish_vote_tables/7_cands/perth_kinross_2012_ward4_votes_table.csv,data/scot-elex/07_cands/perth_kinross_2012_ward4.csv
perth_kinross_2012_ward5,2012,Perth and Kinross,Strathtay,3,5,data/scottish_vote_tables/5_cands/perth_kinross_2012_ward5_votes_table.csv,data/scot-elex/05_cands/perth_kinross_2012_ward5.csv
perth_kinross_2012_ward6,2012,Perth and Kinross,Strathearn,3,6,data/scottish_vote_tables/6_cands/perth_kinross_2012_ward6_votes_table.csv,data/scot-elex/06_cands/perth_kinross_2012_ward6.csv
perth_kinross_2012_ward7,2012,Perth and Kinross,Strathallan,3,5,data/scottish_vote_tables/5_cands/perth_kinross_2012_ward7_votes_table.csv,data/scot-elex/05_cands/perth_kinross_2012_ward7.csv
perth_kinross_2012_ward8,2012,Perth and Kinross,Kinross-shire,4,9,data/scottish_vote_tables/9_cands/perth_kinross_2012_ward8_votes_table.csv,data/scot-elex/09_cands/perth_kinross_2012_ward8.csv
perth_kinross_2012_ward9,2012,Perth and Kinross,Almond and Earn,3,6,data/scottish_vote_tables/6_cands/perth_kinross_2012_ward9_votes_table.csv,data/scot-elex/06_cands/perth_kinross_2012_ward9.csv
perth_kinross_2012_ward10,2012,Perth and Kinross,Perth City South,4,8,data/scottish_vote_tables/8_cands/perth_kinross_2012_ward10_votes_table.csv,data/scot-elex/08_cands/perth_kinross_2012_ward10.csv
perth_kinross_2012_ward11,2012,Perth and Kinross,Perth City North,4,7,data/scottish_vote_tables/7_cands/perth_kinross_2012_ward11_votes_table.csv,data/scot-elex/07_cands/perth_kinross_2012_ward11.csv
perth_kinross_2012_ward12,2012,Perth and Kinross,Perth City Centre,4,8,data/scottish_vote_tables/8_cands/perth_kinross_2012_ward12_votes_table.csv,data/scot-elex/08_cands/perth_kinross_2012_ward12.csv
renfrewshire_2012_ward1,2012,Renfrewshire,1. Renfrew North Ward,3,7,data/scottish_vote_tables/7_cands/renfrewshire_2012_ward1_votes_table.csv,data/scot-elex/07_cands/renfrewshire_2012_ward1.csv
renfrewshire_2012_ward2,2012,Renfrewshire,2. Renfrew South  Gallowhill Ward,3,7,data/scottish_vote_tables/7_cands/renfrewshire_2012_ward2_votes_table.csv,data/scot-elex/07_cands/renfrewshire_2012_ward2.csv
renfrewshire_2012_ward3,2012,Renfrewshire,3. Paisley East & Ralston Ward,4,7,data/scottish_vote_tables/7_cands/renfrewshire_2012_ward3_votes_table.csv,data/scot-elex/07_cands/renfrewshire_2012_ward3.csv
renfrewshire_2012_ward4,2012,Renfrewshire,4. Paisley North West Ward,4,8,data/scottish_vote_tables/8_cands/renfrewshire_2012_ward4_votes_table.csv,data/scot-elex/08_cands/renfrewshire_2012_ward4.csv
renfrewshire_2012_ward5,2012,Renfrewshire,5. Paisley South Ward,4,8,data/scottish_vote_tables/8_cands/renfrewshire_2012_ward5_votes_table.csv,data/scot-elex/08_cands/renfrewshire_2012_ward5.csv
renfrewshire_2012_ward6,2012,Renfrewshire,6. Paisley South West Ward,4,7,data/scottish_vote_tables/7_cands/renfrewshire_2012_ward6_votes_table.csv,data/scot-elex/07_cands/renfrewshire_2012_ward6.csv
renfrewshire_2012_ward7,2012,Renfrewshire,7. Johnstone South Elderslie & Howwood Ward,4,8,data/scottish_vote_tables/8_cands/renfrewshire_2012_ward7_votes_table.csv,data/scot-elex/08_cands/renfrewshire_2012_ward7.csv
renfrewshire_2012_ward8,2012,Renfrewshire,8. Johnstone North Kilbarchan & Lochwinnoch Ward,3,8,data/scottish_vote_tables/8_cands/renfrewshire_2012_ward8_votes_table.csv,data/scot-elex/08_cands/renfrewshire_2012_ward8.csv
renfrewshire_2012_ward9,2012,Renfrewshire,9. Houston Crosslee & Linwood Ward,4,7,data/scottish_vote_tables/7_cands/renfrewshire_2012_ward9_votes_table.csv,data/scot-elex/07_cands/renfrewshire_2012_ward9.csv
renfrewshire_2012_ward10,2012,Renfrewshire,10. Bishopton Bridge of Weir & Langbank Ward,3,6,data/scottish_vote_tables/6_cands/renfrewshire_2012_ward10_votes_table.csv,data/scot-elex/06_cands/renfrewshire_2012_ward10.csv
renfrewshire_2012_ward11,2012,Renfrewshire,11. Erskine & Inchinnan Ward,4,7,data/scottish_vote_tables/7_cands/renfrewshire_2012_ward11_votes_table.csv,data/scot-elex/07_cands/renfrewshire_2012_ward11.csv
sc_borders_2012_ward1,2012,Scottish Borders,Tweeddale West Ward,3,6,data/scottish_vote_tables/6_cands/sc_borders_2012_ward1_votes_table.csv,data/scot-elex/06_cands/sc_borders_2012_ward1.csv
sc_borders_2012_ward2,2012,Scottish Borders,Tweeddale East Ward,3,6,data/scottish_vote_tables/6_cands/sc_borders_2012_ward2_votes_table.csv,data/scot-elex/06_cands/sc_borders_2012_ward2.csv
sc_borders_2012_ward3,2012,Scottish Borders,Galashiels and District Ward,4,7,data/scottish_vote_tables/7_cands/sc_borders_2012_ward3_votes_table.csv,data/scot-elex/07_cands/sc_borders_2012_ward3.csv
sc_borders_2012_ward4,2012,Scottish Borders,Selkirkshire Ward,3,6,data/scottish_vote_tables/6_cands/sc_borders_2012_ward4_votes_table.csv,data/scot-elex/06_cands/sc_borders_2012_ward4.csv
sc_borders_2012_ward5,2012,Scottish Borders,Leaderdale and Melrose Ward,3,6,data/scottish_vote_tables/6_cands/sc_borders_2012_ward5_votes_table.csv,data/scot-elex/06_cands/sc_borders_2012_ward5.csv
sc_borders_2012_ward6,2012,Scottish Borders,Mid Berwickshire Ward,3,5,data/scottish_vote_tables/5_cands/sc_borders_2012_ward6_votes_table.csv,data/scot-elex/05_cands/sc_borders_2012_ward6.csv
sc_borders_2012_ward7,2012,Scottish Borders,East Berwickshire Ward,3,7,data/scottish_vote_tables/7_cands/sc_borders_2012_ward7_votes_table.csv,data/scot-elex/07_cands/sc_borders_2012_ward7.csv
sc_borders_2012_ward8,2012,Scottish Borders,Kelso & District Ward,3,8,data/scottish_vote_tables/8_cands/sc_borders_2012_ward8_votes_table.csv,data/scot-elex/08_cands/sc_borders_2012_ward8.csv
sc_borders_2012_ward9,2012,Scottish Borders,Jedburgh and District Ward,3,7,data/scottish_vote_tables/7_cands/sc_borders_2012_ward9_votes_table.csv,data/scot-elex/07_cands/sc_borders_2012_ward9.csv
sc_borders_2012_ward10,2012,Scottish Borders,Hawick and Denholm Ward,3,7,data/scottish_vote_tables/7_cands/sc_borders_2012_ward10_votes_table.csv,data/scot-elex/07_cands/sc_borders_2012_ward10.csv
sc_borders_2012_ward11,2012,Scottish Borders,Hawick and Hermitage Ward,3,7,data/scottish_vote_tables/7_cands/sc_borders_2012_ward11_votes_table.csv,data/scot-elex/07_cands/sc_borders_2012_ward11.csv
shetland_2012_ward1,2012,Shetland,North Isles,3,5,data/scottish_vote_tables/5_cands/shetland_2012_ward1_votes_table.csv,data/scot-elex/05_cands/shetland_2012_ward1.csv
shetland_2012_ward2,2012,Shetland,Shetland North,3,7,data/scottish_vote_tables/7_cands/shetland_2012_ward2_votes_table.csv,data/scot-elex/07_cands/shetland_2012_ward2.csv
shetland_2012_ward3,2012,Shetland,Shetland West,3,7,data/scottish_vote_tables/7_cands/shetland_2012_ward3_votes_table.csv,data/scot-elex/07_cands/shetland_2012_ward3.csv
shetland_2012_ward4,2012,Shetland,Shetland Central,3,6,data/scottish_vote_tables/6_cands/shetland_2012_ward4_votes_table.csv,data/scot-elex/06_cands/shetland_2012_ward4.csv
shetland_2012_ward5,2012,Shetland,Shetland South,3,4,data/scottish_vote_tables/4_cands/shetland_2012_ward5_votes_table.csv,data/scot-elex/04_cands/shetland_2012_ward5.csv
shetland_2012_ward6,2012,Shetland,Lerwick North,3,7,data/scottish_vote_tables/7_cands/shetland_2012_ward6_votes_table.csv,data/scot-elex/07_cands/shetland_2012_ward6.csv
shetland_2012_ward7,2012,Shetland,Lerwick South,4,7,data/scottish_vote_tables/7_cands/shetland_2012_ward7_votes_table.csv,data/scot-elex/07_cands/shetland_2012_ward7.csv
south_ayrshire_2012_ward1,2012,South Ayrshire,Ward 1 - Troon,4,6,data/scottish_vote_tables/6_cands/south_ayrshire_2012_ward1_votes_table.csv,data/scot-elex/06_cands/south_ayrshire_2012_ward1.csv
south_ayrshire_2012_ward2,2012,South Ayrshire,Ward 2 - Prestwick,4,6,data/scottish_vote_tables/6_cands/south_ayrshire_2012_ward2_votes_table.csv,data/scot-elex/06_cands/south_ayrshire_2012_ward2.csv
south_ayrshire_2012_ward3,2012,South Ayrshire,Ward 3 - Ayr North,4,5,data/scottish_vote_tables/5_cands/south_ayrshire_2012_ward3_votes_table.csv,data/scot-elex/05_cands/south_ayrshire_2012_ward3.csv
south_ayrshire_2012_ward4,2012,South Ayrshire,Ward 4 - Ayr East,4,7,data/scottish_vote_tables/7_cands/south_ayrshire_2012_ward4_votes_table.csv,data/scot-elex/07_cands/south_ayrshire_2012_ward4.csv
south_ayrshire_2012_ward5,2012,South Ayrshire,Ward 5 - Ayr West,4,7,data/scottish_vote_tables/7_cands/south_ayrshire_2012_ward5_votes_table.csv,data/scot-elex/07_cands/south_ayrshire_2012_ward5.csv
south_ayrshire_2012_ward6,2012,South Ayrshire,Ward 6 - Kyle,3,4,data/scottish_vote_tables/4_cands/south_ayrshire_2012_ward6_votes_table.csv,data/scot-elex/04_cands/south_ayrshire_2012_ward6.csv
south_ayrshire_2012_ward7,2012,South Ayrshire,Ward 7 - Maybole North Carrick and Coylton,4,5,data/scottish_vote_tables/5_cands/south_ayrshire_2012_ward7_votes_table.csv,data/scot-elex/05_cands/south_ayrshire_2012_ward7.csv
south_ayrshire_2012_ward8,2012,South Ayrshire,Ward 8 - Girvan and South Carrick,3,4,data/scottish_vote_tables/4_cands/south_ayrshire_2012_ward8_votes_table.csv,data/scot-elex/04_cands/south_ayrshire_2012_ward8.csv
south_lanarkshire_2012_ward1,2012,South Lanarkshire,Ward 1 - Clydesdale West,4,9,data/scottish_vote_tables/9_cands/south_lanarkshire_2012_ward1_votes_table.csv,data/scot-elex/09_cands/south_lanarkshire_2012_ward1.csv
south_lanarkshire_2012_ward2,2012,South Lanarkshire,Ward 2 - Clydesdale North,3,6,data/scottish_vote_tables/6_cands/south_lanarkshire_2012_ward2_votes_table.csv,data/scot-elex/06_cands/south_lanarkshire_2012_ward2.csv
south_lanarkshire_2012_ward3,2012,South Lanarkshire,Ward 3 - Clydesdale East,3,6,data/scottish_vote_tables/6_cands/south_lanarkshire_2012_ward3_votes_table.csv,data/scot-elex/06_cands/south_lanarkshire_2012_ward3.csv
south_lanarkshire_2012_ward4,2012,South Lanarkshire,Ward 4 - Clydesdale South,3,6,data/scottish_vote_tables/6_cands/south_lanarkshire_2012_ward4_votes_table.csv,data/scot-elex/06_cands/south_lanarkshire_2012_ward4.csv
south_lanarkshire_2012_ward5,2012,South Lanarkshire,Ward 5 - Avondale and Stonehouse,4,11,data/scottish_vote_tables/11_cands/south_lanarkshire_2012_ward5_votes_table.csv,data/scot-elex/11_cands/south_lanarkshire_2012_ward5.csv
south_lanarkshire_2012_ward6,2012,South Lanarkshire,Ward 6 - East Kilbride South,3,8,data/scottish_vote_tables/8_cands/south_lanarkshire_2012_ward6_votes_table.csv,data/scot-elex/08_cands/south_lanarkshire_2012_ward6.csv
south_lanarkshire_2012_ward7,2012,South Lanarkshire,Ward 7 - East Kilbride Central South,3,6,data/scottish_vote_tables/6_cands/south_lanarkshire_2012_ward7_votes_table.csv,data/scot-elex/06_cands/south_lanarkshire_2012_ward7.csv
south_lanarkshire_2012_ward8,2012,South Lanarkshire,Ward 8 - East Kilbride Central North,4,8,data/scottish_vote_tables/8_cands/south_lanarkshire_2012_ward8_votes_table.csv,data/scot-elex/08_cands/south_lanarkshire_2012_ward8.csv
south_lanarkshire_2012_ward9,2012,South Lanarkshire,Ward 9 - East Kilbride West,3,6,data/scottish_vote_tables/6_cands/south_lanarkshire_2012_ward9_votes_table.csv,data/scot-elex/06_cands/south_lanarkshire_2012_ward9.csv
south_lanarkshire_2012_ward10,2012,South Lanarkshire,Ward 10 - East Kilbride East,3,6,data/scottish_vote_tables/6_cands/south_lanarkshire_2012_ward10_votes_table.csv,data/scot-elex/06_cands/south_lanarkshire_2012_ward10.csv
south_lanarkshire_2012_ward11,2012,South Lanarkshire,Ward 11 - Rutherglen South,3,6,data/scottish_vote_tables/6_cands/south_lanarkshire_2012_ward11_votes_table.csv,data/scot-elex/06_cands/south_lanarkshire_2012_ward11.csv
south_lanarkshire_2012_ward12,2012,South Lanarkshire,Ward 12 - Rutherglen Central and North,3,7,data/scottish_vote_tables/7_cands/south_lanarkshire_2012_ward12_votes_table.csv,data/scot-elex/07_cands/south_lanarkshire_2012_ward12.csv
south_lanarkshire_2012_ward13,2012,South Lanarkshire,Ward 13 - Cambuslang West,3,6,data/scottish_vote_tables/6_cands/south_lanarkshire_2012_ward13_votes_table.csv,data/scot-elex/06_cands/south_lanarkshire_2012_ward13.csv
south_lanarkshire_2012_ward14,2012,South Lanarkshire,Ward 14 - Cambuslang East,3,6,data/scottish_vote_tables/6_cands/south_lanarkshire_2012_ward14_votes_table.csv,data/scot-elex/06_cands/south_lanarkshire_2012_ward14.csv
south_lanarkshire_2012_ward15,2012,South Lanarkshire,Ward 15 - Blantyre,4,10,data/scottish_vote_tables/10_cands/south_lanarkshire_2012_ward15_votes_table.csv,data/scot-elex/10_cands/south_lanarkshire_2012_ward15.csv
south_lanarkshire_2012_ward16,2012,South Lanarkshire,Ward 16 - Bothwell and Uddingston,3,4,data/scottish_vote_tables/4_cands/south_lanarkshire_2012_ward16_votes_table.csv,data/scot-elex/04_cands/south_lanarkshire_2012_ward16.csv
south_lanarkshire_2012_ward17,2012,South Lanarkshire,Ward 17 - Hamilton North and East,3,7,data/scottish_vote_tables/7_cands/south_lanarkshire_2012_ward17_votes_table.csv,data/scot-elex/07_cands/south_lanarkshire_2012_ward17.csv
south_lanarkshire_2012_ward18,2012,South Lanarkshire,Ward 18 - Hamilton West and Earnock,4,7,data/scottish_vote_tables/7_cands/south_lanarkshire_2012_ward18_votes_table.csv,data/scot-elex/07_cands/south_lanarkshire_2012_ward18.csv
south_lanarkshire_2012_ward19,2012,South Lanarkshire,Ward 19 - Hamilton South,4,7,data/scottish_vote_tables/7_cands/south_lanarkshire_2012_ward19_votes_table.csv,data/scot-elex/07_cands/south_lanarkshire_2012_ward19.csv
south_lanarkshire_2012_ward20,2012,South Lanarkshire,Ward 20 - Larkhall,4,6,data/scottish_vote_tables/6_cands/south_lanarkshire_2012_ward20_votes_table.csv,data/scot-elex/06_cands/south_lanarkshire_2012_ward20.csv
stirling_2012_ward1,2012,Stirling,Trossachs and Teith Ward,3,6,data/scottish_vote_tables/6_cands/stirling_2012_ward1_votes_table.csv,data/scot-elex/06_cands/stirling_2012_ward1.csv
stirling_2012_ward2,2012,Stirling,Forth and Endrick Ward,3,8,data/scottish_vote_tables/8_cands/stirling_2012_ward2_votes_table.csv,data/scot-elex/08_cands/stirling_2012_ward2.csv
stirling_2012_ward3,2012,Stirling,Dunblane and Bridge of Allan Ward,4,6,data/scottish_vote_tables/6_cands/stirling_2012_ward3_votes_table.csv,data/scot-elex/06_cands/stirling_2012_ward3.csv
stirling_2012_ward4,2012,Stirling,Castle Ward,3,8,data/scottish_vote_tables/8_cands/stirling_2012_ward4_votes_table.csv,data/scot-elex/08_cands/stirling_2012_ward4.csv
stirling_2012_ward5,2012,Stirling,Stirling West Ward,3,4,data/scottish_vote_tables/4_cands/stirling_2012_ward5_votes_table.csv,data/scot-elex/04_cands/stirling_2012_ward5.csv
stirling_2012_ward6,2012,Stirling,Stirling East Ward,3,6,data/scottish_vote_tables/6_cands/stirling_2012_ward6_votes_table.csv,data/scot-elex/06_cands/stirling_2012_ward6.csv
stirling_2012_ward7,2012,Stirling,Bannockburn Ward,3,7,data/scottish_vote_tables/7_cands/stirling_2012_ward7_votes_table.csv,data/scot-elex/07_cands/stirling_2012_ward7.csv
west_dunbartonshire_2012_ward1,2012,West Dunbartonshire,Lomond Ward,3,7,data/scottish_vote_tables/7_cands/west_dunbartonshire_2012_ward1_votes_table.csv,data/scot-elex/07_cands/west_dunbartonshire_2012_ward1.csv
west_dunbartonshire_2012_ward2,2012,West Dunbartonshire,Leven Ward,4,7,data/scottish_vote_tables/7_cands/west_dunbartonshire_2012_ward2_votes_table.csv,data/scot-elex/07_cands/west_dunbartonshire_2012_ward2.csv
west_dunbartonshire_2012_ward3,2012,West Dunbartonshire,Dumbarton Ward,4,9,data/scottish_vote_tables/9_cands/west_dunbartonshire_2012_ward3_votes_table.csv,data/scot-elex/09_cands/west_dunbartonshire_2012_ward3.csv
west_dunbartonshire_2012_ward4,2012,West Dunbartonshire,Kilpatrick Ward,3,7,data/scottish_vote_tables/7_cands/west_dunbartonshire_2012_ward4_votes_table.csv,data/scot-elex/07_cands/west_dunbartonshire_2012_ward4.csv
west_dunbartonshire_2012_ward5,2012,West Dunbartonshire,Clydebank Central Ward,4,7,data/scottish_vote_tables/7_cands/west_dunbartonshire_2012_ward5_votes_table.csv,data/scot-elex/07_cands/west_dunbartonshire_2012_ward5.csv
west_dunbartonshire_2012_ward6,2012,West Dunbartonshire,Clydebank Waterfront Ward,4,8,data/scottish_vote_tables/8_cands/west_dunbartonshire_2012_ward6_votes_table.csv,data/scot-elex/08_cands/west_dunbartonshire_2012_ward6.csv
west_lothian_2012_ward1,2012,West Lothian,Linlithgow,3,6,data/scottish_vote_tables/6_cands/west_lothian_2012_ward1_votes_table.csv,data/scot-elex/06_cands/west_lothian_2012_ward1.csv
west_lothian_2012_ward2,2012,West Lothian,"Broxburn, Uphall and Winchburgh",4,6,data/scottish_vote_tables/6_cands/west_lothian_2012_ward2_votes_table.csv,data/scot-elex/06_cands/west_lothian_2012_ward2.csv
west_lothian_2012_ward3,2012,West Lothian,Livingston North,4,8,data/scottish_vote_tables/8_cands/west_lothian_2012_ward3_votes_table.csv,data/scot-elex/08_cands/west_lothian_2012_ward3.csv
west_lothian_2012_ward4,2012,West Lothian,Livingston South,4,7,data/scottish_vote_tables/7_cands/west_lothian_2012_ward4_votes_table.csv,data/scot-elex/07_cands/west_lothian_2012_ward4.csv
west_lothian_2012_ward5,2012,West Lothian,East Livingston and East Calder,4,7,data/scottish_vote_tables/7_cands/west_lothian_2012_ward5_votes_table.csv,data/scot-elex/07_cands/west_lothian_2012_ward5.csv
west_lothian_2012_ward6,2012,West Lothian,Fauldhouse and the Briech Valley,3,6,data/scottish_vote_tables/6_cands/west_lothian_2012_ward6_votes_table.csv,data/scot-elex/06_cands/west_lothian_2012_ward6.csv
west_lothian_2012_ward7,2012,West Lothian,Whitburn and Blackburn,4,8,data/scottish_vote_tables/8_cands/west_lothian_2012_ward7_votes_table.csv,data/scot-elex/08_cands/west_lothian_2012_ward7.csv
west_lothian_2012_ward8,2012,West Lothian,Bathgate,4,9,data/scottish_vote_tables/9_cands/west_lothian_2012_ward8_votes_table.csv,data/scot-elex/09_cands/west_lothian_2012_ward8.csv
west_lothian_2012_ward9,2012,West Lothian,Armadale and Blackridge,3,5,data/scottish_vote_tables/5_cands/west_lothian_2012_ward9_votes_table.csv,data/scot-elex/05_cands/west_lothian_2012_ward9.csv
glasgow_2007_anderston,2007,Glasgow,Anderson ward,4,9,data/scottish_vote_tables/9_cands/glasgow_2007_anderston_votes_table.csv,data/scot-elex/09_cands/glasgow_2007_anderston.csv
glasgow_2007_baillieston,2007,Glasgow,Baillieston ward,4,11,data/scottish_vote_tables/11_cands/glasgow_2007_baillieston_votes_table.csv,data/scot-elex/11_cands/glasgow_2007_baillieston.csv
glasgow_2007_calton,2007,Glasgow,Calton ward,3,10,data/scottish_vote_tables/10_cands/glasgow_2007_calton_votes_table.csv,data/scot-elex/10_cands/glasgow_2007_calton.csv
glasgow_2007_canal,2007,Glasgow,Canal ward,4,11,data/scottish_vote_tables/11_cands/glasgow_2007_canal_votes_table.csv,data/scot-elex/11_cands/glasgow_2007_canal.csv
glasgow_2007_craigton,2007,Glasgow,Craigton ward,4,10,data/scottish_vote_tables/10_cands/glasgow_2007_craigton_votes_table.csv,data/scot-elex/10_cands/glasgow_2007_craigton.csv
glasgow_2007_drumchapel,2007,Glasgow,Drum chapel,4,10,data/scottish_vote_tables/10_cands/glasgow_2007_drumchapel_votes_table.csv,data/scot-elex/10_cands/glasgow_2007_drumchapel.csv
glasgow_2007_eastcentre,2007,Glasgow,East Centre,4,13,data/scottish_vote_tables/13_cands/glasgow_2007_eastcentre_votes_table.csv,data/scot-elex/13_cands/glasgow_2007_eastcentre.csv
glasgow_2007_garscadden,2007,Glasgow,Garscadden,4,10,data/scottish_vote_tables/10_cands/glasgow_2007_garscadden_votes_table.csv,data/scot-elex/10_cands/glasgow_2007_garscadden.csv
glasgow_2007_greater_pollok,2007,Glasgow,Greater pollok,4,9,data/scottish_vote_tables/9_cands/glasgow_2007_greater_pollok_votes_table.csv,data/scot-elex/09_cands/glasgow_2007_greater_pollok.csv
glasgow_2007_hillhead,2007,Glasgow,Hillhead,4,10,data/scottish_vote_tables/10_cands/glasgow_2007_hillhead_votes_table.csv,data/scot-elex/10_cands/glasgow_2007_hillhead.csv
glasgow_2007_langside,2007,Glasgow,Langside,3,8,data/scottish_vote_tables/8_cands/glasgow_2007_langside_votes_table.csv,data/scot-elex/08_cands/glasgow_2007_langside.csv
glasgow_2007_linn,2007,Glasgow,Linn,4,11,data/scottish_vote_tables/11_cands/glasgow_2007_linn_votes_table.csv,data/scot-elex/11_cands/glasgow_2007_linn.csv
glasgow_2007_maryhill,2007,Glasgow,Maryhill,4,8,data/scottish_vote_tables/8_cands/glasgow_2007_maryhill_votes_table.csv,data/scot-elex/08_cands/glasgow_2007_maryhill.csv
glasgow_2007_newlands,2007,Glasgow,Newlands,3,9,data/scottish_vote_tables/9_cands/glasgow_2007_newlands_votes_table.csv,data/scot-elex/09_cands/glasgow_2007_newlands.csv
glasgow_2007_north_east,2007,Glasgow,North East,4,10,data/scottish_vote_tables/10_cands/glasgow_2007_north_east_votes_table.csv,data/scot-elex/10_cands/glasgow_2007_north_east.csv
glasgow_2007_partick,2007,Glasgow,Partick,4,9,data/scottish_vote_tables/9_cands/glasgow_2007_partick_votes_table.csv,data/scot-elex/09_cands/glasgow_2007_partick.csv
glasgow_2007_pollokshields,2007,Glasgow,Pollokshields,3,9,data/scottish_vote_tables/9_cands/glasgow_2007_pollokshields_votes_table.csv,data/scot-elex/09_cands/glasgow_2007_pollokshields.csv
glasgow_2007_shettleston,2007,Glasgow,Shettleston,4,11,data/scottish_vote_tables/11_cands/glasgow_2007_shettleston_votes_table.csv,data/scot-elex/11_cands/glasgow_2007_shettleston.csv
glasgow_2007_southsidecentral,2007,Glasgow,Southside Central,4,9,data/scottish_vote_tables/9_cands/glasgow_2007_southsidecentral_votes_table.csv,data/scot-elex/09_cands/glasgow_2007_southsidecentral.csv
glasgow_2007_springburn,2007,Glasgow,Springburn,3,10,data/scottish_vote_tables/10_cands/glasgow_2007_springburn_votes_table.csv,data/scot-elex/10_cands/glasgow_2007_springburn.csv
glasgow_2007_govan,2007,Glasgow,govan,4,11,data/scottish_vote_tables/11_cands/glasgow_2007_govan_votes_table.csv,data/scot-elex/11_cands/glasgow_2007_govan.csv
